Dysp_0015,/wynton/group/sirota/clairedubin/non_pregnancy_datasets/Norenhag2024_PRJEB72778/results/qc/Dysp_0015.noadapt.nohost.R1.fq.gz,/wynton/group/sirota/clairedubin/non_pregnancy_datasets/Norenhag2024_PRJEB72778/results/qc/Dysp_0015.noadapt.nohost.R2.fq.gz
Dysp_0029,/wynton/group/sirota/clairedubin/non_pregnancy_datasets/Norenhag2024_PRJEB72778/results/qc/Dysp_0029.noadapt.nohost.R1.fq.gz,/wynton/group/sirota/clairedubin/non_pregnancy_datasets/Norenhag2024_PRJEB72778/results/qc/Dysp_0029.noadapt.nohost.R2.fq.gz
Dysp_0021,/wynton/group/sirota/clairedubin/non_pregnancy_datasets/Norenhag2024_PRJEB72778/results/qc/Dysp_0021.noadapt.nohost.R1.fq.gz,/wynton/group/sirota/clairedubin/non_pregnancy_datasets/Norenhag2024_PRJEB72778/results/qc/Dysp_0021.noadapt.nohost.R2.fq.gz
Dysp_0008,/wynton/group/sirota/clairedubin/non_pregnancy_datasets/Norenhag2024_PRJEB72778/results/qc/Dysp_0008.noadapt.nohost.R1.fq.gz,/wynton/group/sirota/clairedubin/non_pregnancy_datasets/Norenhag2024_PRJEB72778/results/qc/Dysp_0008.noadapt.nohost.R2.fq.gz
Dysp_0022,/wynton/group/sirota/clairedubin/non_pregnancy_datasets/Norenhag2024_PRJEB72778/results/qc/Dysp_0022.noadapt.nohost.R1.fq.gz,/wynton/group/sirota/clairedubin/non_pregnancy_datasets/Norenhag2024_PRJEB72778/results/qc/Dysp_0022.noadapt.nohost.R2.fq.gz
Dysp_0030,/wynton/group/sirota/clairedubin/non_pregnancy_datasets/Norenhag2024_PRJEB72778/results/qc/Dysp_0030.noadapt.nohost.R1.fq.gz,/wynton/group/sirota/clairedubin/non_pregnancy_datasets/Norenhag2024_PRJEB72778/results/qc/Dysp_0030.noadapt.nohost.R2.fq.gz
Dysp_0037,/wynton/group/sirota/clairedubin/non_pregnancy_datasets/Norenhag2024_PRJEB72778/results/qc/Dysp_0037.noadapt.nohost.R1.fq.gz,/wynton/group/sirota/clairedubin/non_pregnancy_datasets/Norenhag2024_PRJEB72778/results/qc/Dysp_0037.noadapt.nohost.R2.fq.gz
Dysp_0010,/wynton/group/sirota/clairedubin/non_pregnancy_datasets/Norenhag2024_PRJEB72778/results/qc/Dysp_0010.noadapt.nohost.R1.fq.gz,/wynton/group/sirota/clairedubin/non_pregnancy_datasets/Norenhag2024_PRJEB72778/results/qc/Dysp_0010.noadapt.nohost.R2.fq.gz
Dysp_0020,/wynton/group/sirota/clairedubin/non_pregnancy_datasets/Norenhag2024_PRJEB72778/results/qc/Dysp_0020.noadapt.nohost.R1.fq.gz,/wynton/group/sirota/clairedubin/non_pregnancy_datasets/Norenhag2024_PRJEB72778/results/qc/Dysp_0020.noadapt.nohost.R2.fq.gz
Dysp_0041,/wynton/group/sirota/clairedubin/non_pregnancy_datasets/Norenhag2024_PRJEB72778/results/qc/Dysp_0041.noadapt.nohost.R1.fq.gz,/wynton/group/sirota/clairedubin/non_pregnancy_datasets/Norenhag2024_PRJEB72778/results/qc/Dysp_0041.noadapt.nohost.R2.fq.gz
Dysp_0023,/wynton/group/sirota/clairedubin/non_pregnancy_datasets/Norenhag2024_PRJEB72778/results/qc/Dysp_0023.noadapt.nohost.R1.fq.gz,/wynton/group/sirota/clairedubin/non_pregnancy_datasets/Norenhag2024_PRJEB72778/results/qc/Dysp_0023.noadapt.nohost.R2.fq.gz
Dysp_0007,/wynton/group/sirota/clairedubin/non_pregnancy_datasets/Norenhag2024_PRJEB72778/results/qc/Dysp_0007.noadapt.nohost.R1.fq.gz,/wynton/group/sirota/clairedubin/non_pregnancy_datasets/Norenhag2024_PRJEB72778/results/qc/Dysp_0007.noadapt.nohost.R2.fq.gz
Dysp_0046,/wynton/group/sirota/clairedubin/non_pregnancy_datasets/Norenhag2024_PRJEB72778/results/qc/Dysp_0046.noadapt.nohost.R1.fq.gz,/wynton/group/sirota/clairedubin/non_pregnancy_datasets/Norenhag2024_PRJEB72778/results/qc/Dysp_0046.noadapt.nohost.R2.fq.gz
Dysp_0044,/wynton/group/sirota/clairedubin/non_pregnancy_datasets/Norenhag2024_PRJEB72778/results/qc/Dysp_0044.noadapt.nohost.R1.fq.gz,/wynton/group/sirota/clairedubin/non_pregnancy_datasets/Norenhag2024_PRJEB72778/results/qc/Dysp_0044.noadapt.nohost.R2.fq.gz
Dysp_0083,/wynton/group/sirota/clairedubin/non_pregnancy_datasets/Norenhag2024_PRJEB72778/results/qc/Dysp_0083.noadapt.nohost.R1.fq.gz,/wynton/group/sirota/clairedubin/non_pregnancy_datasets/Norenhag2024_PRJEB72778/results/qc/Dysp_0083.noadapt.nohost.R2.fq.gz
Dysp_0038,/wynton/group/sirota/clairedubin/non_pregnancy_datasets/Norenhag2024_PRJEB72778/results/qc/Dysp_0038.noadapt.nohost.R1.fq.gz,/wynton/group/sirota/clairedubin/non_pregnancy_datasets/Norenhag2024_PRJEB72778/results/qc/Dysp_0038.noadapt.nohost.R2.fq.gz
Dysp_0069,/wynton/group/sirota/clairedubin/non_pregnancy_datasets/Norenhag2024_PRJEB72778/results/qc/Dysp_0069.noadapt.nohost.R1.fq.gz,/wynton/group/sirota/clairedubin/non_pregnancy_datasets/Norenhag2024_PRJEB72778/results/qc/Dysp_0069.noadapt.nohost.R2.fq.gz
Dysp_0056,/wynton/group/sirota/clairedubin/non_pregnancy_datasets/Norenhag2024_PRJEB72778/results/qc/Dysp_0056.noadapt.nohost.R1.fq.gz,/wynton/group/sirota/clairedubin/non_pregnancy_datasets/Norenhag2024_PRJEB72778/results/qc/Dysp_0056.noadapt.nohost.R2.fq.gz
Dysp_0032,/wynton/group/sirota/clairedubin/non_pregnancy_datasets/Norenhag2024_PRJEB72778/results/qc/Dysp_0032.noadapt.nohost.R1.fq.gz,/wynton/group/sirota/clairedubin/non_pregnancy_datasets/Norenhag2024_PRJEB72778/results/qc/Dysp_0032.noadapt.nohost.R2.fq.gz
Dysp_0004,/wynton/group/sirota/clairedubin/non_pregnancy_datasets/Norenhag2024_PRJEB72778/results/qc/Dysp_0004.noadapt.nohost.R1.fq.gz,/wynton/group/sirota/clairedubin/non_pregnancy_datasets/Norenhag2024_PRJEB72778/results/qc/Dysp_0004.noadapt.nohost.R2.fq.gz
Dysp_0027,/wynton/group/sirota/clairedubin/non_pregnancy_datasets/Norenhag2024_PRJEB72778/results/qc/Dysp_0027.noadapt.nohost.R1.fq.gz,/wynton/group/sirota/clairedubin/non_pregnancy_datasets/Norenhag2024_PRJEB72778/results/qc/Dysp_0027.noadapt.nohost.R2.fq.gz
Dysp_0081,/wynton/group/sirota/clairedubin/non_pregnancy_datasets/Norenhag2024_PRJEB72778/results/qc/Dysp_0081.noadapt.nohost.R1.fq.gz,/wynton/group/sirota/clairedubin/non_pregnancy_datasets/Norenhag2024_PRJEB72778/results/qc/Dysp_0081.noadapt.nohost.R2.fq.gz
Dysp_0052,/wynton/group/sirota/clairedubin/non_pregnancy_datasets/Norenhag2024_PRJEB72778/results/qc/Dysp_0052.noadapt.nohost.R1.fq.gz,/wynton/group/sirota/clairedubin/non_pregnancy_datasets/Norenhag2024_PRJEB72778/results/qc/Dysp_0052.noadapt.nohost.R2.fq.gz
Dysp_0047,/wynton/group/sirota/clairedubin/non_pregnancy_datasets/Norenhag2024_PRJEB72778/results/qc/Dysp_0047.noadapt.nohost.R1.fq.gz,/wynton/group/sirota/clairedubin/non_pregnancy_datasets/Norenhag2024_PRJEB72778/results/qc/Dysp_0047.noadapt.nohost.R2.fq.gz
Dysp_0043,/wynton/group/sirota/clairedubin/non_pregnancy_datasets/Norenhag2024_PRJEB72778/results/qc/Dysp_0043.noadapt.nohost.R1.fq.gz,/wynton/group/sirota/clairedubin/non_pregnancy_datasets/Norenhag2024_PRJEB72778/results/qc/Dysp_0043.noadapt.nohost.R2.fq.gz
Dysp_0048,/wynton/group/sirota/clairedubin/non_pregnancy_datasets/Norenhag2024_PRJEB72778/results/qc/Dysp_0048.noadapt.nohost.R1.fq.gz,/wynton/group/sirota/clairedubin/non_pregnancy_datasets/Norenhag2024_PRJEB72778/results/qc/Dysp_0048.noadapt.nohost.R2.fq.gz
Dysp_0079,/wynton/group/sirota/clairedubin/non_pregnancy_datasets/Norenhag2024_PRJEB72778/results/qc/Dysp_0079.noadapt.nohost.R1.fq.gz,/wynton/group/sirota/clairedubin/non_pregnancy_datasets/Norenhag2024_PRJEB72778/results/qc/Dysp_0079.noadapt.nohost.R2.fq.gz
Dysp_0065,/wynton/group/sirota/clairedubin/non_pregnancy_datasets/Norenhag2024_PRJEB72778/results/qc/Dysp_0065.noadapt.nohost.R1.fq.gz,/wynton/group/sirota/clairedubin/non_pregnancy_datasets/Norenhag2024_PRJEB72778/results/qc/Dysp_0065.noadapt.nohost.R2.fq.gz
Dysp_0042,/wynton/group/sirota/clairedubin/non_pregnancy_datasets/Norenhag2024_PRJEB72778/results/qc/Dysp_0042.noadapt.nohost.R1.fq.gz,/wynton/group/sirota/clairedubin/non_pregnancy_datasets/Norenhag2024_PRJEB72778/results/qc/Dysp_0042.noadapt.nohost.R2.fq.gz
Dysp_0088,/wynton/group/sirota/clairedubin/non_pregnancy_datasets/Norenhag2024_PRJEB72778/results/qc/Dysp_0088.noadapt.nohost.R1.fq.gz,/wynton/group/sirota/clairedubin/non_pregnancy_datasets/Norenhag2024_PRJEB72778/results/qc/Dysp_0088.noadapt.nohost.R2.fq.gz
Dysp_0067,/wynton/group/sirota/clairedubin/non_pregnancy_datasets/Norenhag2024_PRJEB72778/results/qc/Dysp_0067.noadapt.nohost.R1.fq.gz,/wynton/group/sirota/clairedubin/non_pregnancy_datasets/Norenhag2024_PRJEB72778/results/qc/Dysp_0067.noadapt.nohost.R2.fq.gz
Dysp_0045,/wynton/group/sirota/clairedubin/non_pregnancy_datasets/Norenhag2024_PRJEB72778/results/qc/Dysp_0045.noadapt.nohost.R1.fq.gz,/wynton/group/sirota/clairedubin/non_pregnancy_datasets/Norenhag2024_PRJEB72778/results/qc/Dysp_0045.noadapt.nohost.R2.fq.gz
Dysp_0035,/wynton/group/sirota/clairedubin/non_pregnancy_datasets/Norenhag2024_PRJEB72778/results/qc/Dysp_0035.noadapt.nohost.R1.fq.gz,/wynton/group/sirota/clairedubin/non_pregnancy_datasets/Norenhag2024_PRJEB72778/results/qc/Dysp_0035.noadapt.nohost.R2.fq.gz
Dysp_0075,/wynton/group/sirota/clairedubin/non_pregnancy_datasets/Norenhag2024_PRJEB72778/results/qc/Dysp_0075.noadapt.nohost.R1.fq.gz,/wynton/group/sirota/clairedubin/non_pregnancy_datasets/Norenhag2024_PRJEB72778/results/qc/Dysp_0075.noadapt.nohost.R2.fq.gz
Dysp_0077,/wynton/group/sirota/clairedubin/non_pregnancy_datasets/Norenhag2024_PRJEB72778/results/qc/Dysp_0077.noadapt.nohost.R1.fq.gz,/wynton/group/sirota/clairedubin/non_pregnancy_datasets/Norenhag2024_PRJEB72778/results/qc/Dysp_0077.noadapt.nohost.R2.fq.gz
Dysp_0001,/wynton/group/sirota/clairedubin/non_pregnancy_datasets/Norenhag2024_PRJEB72778/results/qc/Dysp_0001.noadapt.nohost.R1.fq.gz,/wynton/group/sirota/clairedubin/non_pregnancy_datasets/Norenhag2024_PRJEB72778/results/qc/Dysp_0001.noadapt.nohost.R2.fq.gz
Dysp_0119,/wynton/group/sirota/clairedubin/non_pregnancy_datasets/Norenhag2024_PRJEB72778/results/qc/Dysp_0119.noadapt.nohost.R1.fq.gz,/wynton/group/sirota/clairedubin/non_pregnancy_datasets/Norenhag2024_PRJEB72778/results/qc/Dysp_0119.noadapt.nohost.R2.fq.gz
Dysp_0057,/wynton/group/sirota/clairedubin/non_pregnancy_datasets/Norenhag2024_PRJEB72778/results/qc/Dysp_0057.noadapt.nohost.R1.fq.gz,/wynton/group/sirota/clairedubin/non_pregnancy_datasets/Norenhag2024_PRJEB72778/results/qc/Dysp_0057.noadapt.nohost.R2.fq.gz
Dysp_0113,/wynton/group/sirota/clairedubin/non_pregnancy_datasets/Norenhag2024_PRJEB72778/results/qc/Dysp_0113.noadapt.nohost.R1.fq.gz,/wynton/group/sirota/clairedubin/non_pregnancy_datasets/Norenhag2024_PRJEB72778/results/qc/Dysp_0113.noadapt.nohost.R2.fq.gz
Dysp_0107,/wynton/group/sirota/clairedubin/non_pregnancy_datasets/Norenhag2024_PRJEB72778/results/qc/Dysp_0107.noadapt.nohost.R1.fq.gz,/wynton/group/sirota/clairedubin/non_pregnancy_datasets/Norenhag2024_PRJEB72778/results/qc/Dysp_0107.noadapt.nohost.R2.fq.gz
Dysp_0118,/wynton/group/sirota/clairedubin/non_pregnancy_datasets/Norenhag2024_PRJEB72778/results/qc/Dysp_0118.noadapt.nohost.R1.fq.gz,/wynton/group/sirota/clairedubin/non_pregnancy_datasets/Norenhag2024_PRJEB72778/results/qc/Dysp_0118.noadapt.nohost.R2.fq.gz
Dysp_0096,/wynton/group/sirota/clairedubin/non_pregnancy_datasets/Norenhag2024_PRJEB72778/results/qc/Dysp_0096.noadapt.nohost.R1.fq.gz,/wynton/group/sirota/clairedubin/non_pregnancy_datasets/Norenhag2024_PRJEB72778/results/qc/Dysp_0096.noadapt.nohost.R2.fq.gz
Dysp_0128,/wynton/group/sirota/clairedubin/non_pregnancy_datasets/Norenhag2024_PRJEB72778/results/qc/Dysp_0128.noadapt.nohost.R1.fq.gz,/wynton/group/sirota/clairedubin/non_pregnancy_datasets/Norenhag2024_PRJEB72778/results/qc/Dysp_0128.noadapt.nohost.R2.fq.gz
Dysp_0002,/wynton/group/sirota/clairedubin/non_pregnancy_datasets/Norenhag2024_PRJEB72778/results/qc/Dysp_0002.noadapt.nohost.R1.fq.gz,/wynton/group/sirota/clairedubin/non_pregnancy_datasets/Norenhag2024_PRJEB72778/results/qc/Dysp_0002.noadapt.nohost.R2.fq.gz
Dysp_0026,/wynton/group/sirota/clairedubin/non_pregnancy_datasets/Norenhag2024_PRJEB72778/results/qc/Dysp_0026.noadapt.nohost.R1.fq.gz,/wynton/group/sirota/clairedubin/non_pregnancy_datasets/Norenhag2024_PRJEB72778/results/qc/Dysp_0026.noadapt.nohost.R2.fq.gz
Dysp_0078,/wynton/group/sirota/clairedubin/non_pregnancy_datasets/Norenhag2024_PRJEB72778/results/qc/Dysp_0078.noadapt.nohost.R1.fq.gz,/wynton/group/sirota/clairedubin/non_pregnancy_datasets/Norenhag2024_PRJEB72778/results/qc/Dysp_0078.noadapt.nohost.R2.fq.gz
Dysp_0132,/wynton/group/sirota/clairedubin/non_pregnancy_datasets/Norenhag2024_PRJEB72778/results/qc/Dysp_0132.noadapt.nohost.R1.fq.gz,/wynton/group/sirota/clairedubin/non_pregnancy_datasets/Norenhag2024_PRJEB72778/results/qc/Dysp_0132.noadapt.nohost.R2.fq.gz
Dysp_0139,/wynton/group/sirota/clairedubin/non_pregnancy_datasets/Norenhag2024_PRJEB72778/results/qc/Dysp_0139.noadapt.nohost.R1.fq.gz,/wynton/group/sirota/clairedubin/non_pregnancy_datasets/Norenhag2024_PRJEB72778/results/qc/Dysp_0139.noadapt.nohost.R2.fq.gz
Dysp_0131,/wynton/group/sirota/clairedubin/non_pregnancy_datasets/Norenhag2024_PRJEB72778/results/qc/Dysp_0131.noadapt.nohost.R1.fq.gz,/wynton/group/sirota/clairedubin/non_pregnancy_datasets/Norenhag2024_PRJEB72778/results/qc/Dysp_0131.noadapt.nohost.R2.fq.gz
Dysp_0014,/wynton/group/sirota/clairedubin/non_pregnancy_datasets/Norenhag2024_PRJEB72778/results/qc/Dysp_0014.noadapt.nohost.R1.fq.gz,/wynton/group/sirota/clairedubin/non_pregnancy_datasets/Norenhag2024_PRJEB72778/results/qc/Dysp_0014.noadapt.nohost.R2.fq.gz
Dysp_0104,/wynton/group/sirota/clairedubin/non_pregnancy_datasets/Norenhag2024_PRJEB72778/results/qc/Dysp_0104.noadapt.nohost.R1.fq.gz,/wynton/group/sirota/clairedubin/non_pregnancy_datasets/Norenhag2024_PRJEB72778/results/qc/Dysp_0104.noadapt.nohost.R2.fq.gz
Dysp_0076,/wynton/group/sirota/clairedubin/non_pregnancy_datasets/Norenhag2024_PRJEB72778/results/qc/Dysp_0076.noadapt.nohost.R1.fq.gz,/wynton/group/sirota/clairedubin/non_pregnancy_datasets/Norenhag2024_PRJEB72778/results/qc/Dysp_0076.noadapt.nohost.R2.fq.gz
Dysp_0129,/wynton/group/sirota/clairedubin/non_pregnancy_datasets/Norenhag2024_PRJEB72778/results/qc/Dysp_0129.noadapt.nohost.R1.fq.gz,/wynton/group/sirota/clairedubin/non_pregnancy_datasets/Norenhag2024_PRJEB72778/results/qc/Dysp_0129.noadapt.nohost.R2.fq.gz
Dysp_0120,/wynton/group/sirota/clairedubin/non_pregnancy_datasets/Norenhag2024_PRJEB72778/results/qc/Dysp_0120.noadapt.nohost.R1.fq.gz,/wynton/group/sirota/clairedubin/non_pregnancy_datasets/Norenhag2024_PRJEB72778/results/qc/Dysp_0120.noadapt.nohost.R2.fq.gz
Dysp_0106,/wynton/group/sirota/clairedubin/non_pregnancy_datasets/Norenhag2024_PRJEB72778/results/qc/Dysp_0106.noadapt.nohost.R1.fq.gz,/wynton/group/sirota/clairedubin/non_pregnancy_datasets/Norenhag2024_PRJEB72778/results/qc/Dysp_0106.noadapt.nohost.R2.fq.gz
Dysp_0102,/wynton/group/sirota/clairedubin/non_pregnancy_datasets/Norenhag2024_PRJEB72778/results/qc/Dysp_0102.noadapt.nohost.R1.fq.gz,/wynton/group/sirota/clairedubin/non_pregnancy_datasets/Norenhag2024_PRJEB72778/results/qc/Dysp_0102.noadapt.nohost.R2.fq.gz
Dysp_0137,/wynton/group/sirota/clairedubin/non_pregnancy_datasets/Norenhag2024_PRJEB72778/results/qc/Dysp_0137.noadapt.nohost.R1.fq.gz,/wynton/group/sirota/clairedubin/non_pregnancy_datasets/Norenhag2024_PRJEB72778/results/qc/Dysp_0137.noadapt.nohost.R2.fq.gz
Dysp_0116,/wynton/group/sirota/clairedubin/non_pregnancy_datasets/Norenhag2024_PRJEB72778/results/qc/Dysp_0116.noadapt.nohost.R1.fq.gz,/wynton/group/sirota/clairedubin/non_pregnancy_datasets/Norenhag2024_PRJEB72778/results/qc/Dysp_0116.noadapt.nohost.R2.fq.gz
Dysp_0111,/wynton/group/sirota/clairedubin/non_pregnancy_datasets/Norenhag2024_PRJEB72778/results/qc/Dysp_0111.noadapt.nohost.R1.fq.gz,/wynton/group/sirota/clairedubin/non_pregnancy_datasets/Norenhag2024_PRJEB72778/results/qc/Dysp_0111.noadapt.nohost.R2.fq.gz
Dysp_0144,/wynton/group/sirota/clairedubin/non_pregnancy_datasets/Norenhag2024_PRJEB72778/results/qc/Dysp_0144.noadapt.nohost.R1.fq.gz,/wynton/group/sirota/clairedubin/non_pregnancy_datasets/Norenhag2024_PRJEB72778/results/qc/Dysp_0144.noadapt.nohost.R2.fq.gz
Dysp_0142,/wynton/group/sirota/clairedubin/non_pregnancy_datasets/Norenhag2024_PRJEB72778/results/qc/Dysp_0142.noadapt.nohost.R1.fq.gz,/wynton/group/sirota/clairedubin/non_pregnancy_datasets/Norenhag2024_PRJEB72778/results/qc/Dysp_0142.noadapt.nohost.R2.fq.gz
Dysp_0123,/wynton/group/sirota/clairedubin/non_pregnancy_datasets/Norenhag2024_PRJEB72778/results/qc/Dysp_0123.noadapt.nohost.R1.fq.gz,/wynton/group/sirota/clairedubin/non_pregnancy_datasets/Norenhag2024_PRJEB72778/results/qc/Dysp_0123.noadapt.nohost.R2.fq.gz
Dysp_0143,/wynton/group/sirota/clairedubin/non_pregnancy_datasets/Norenhag2024_PRJEB72778/results/qc/Dysp_0143.noadapt.nohost.R1.fq.gz,/wynton/group/sirota/clairedubin/non_pregnancy_datasets/Norenhag2024_PRJEB72778/results/qc/Dysp_0143.noadapt.nohost.R2.fq.gz
Dysp_0133,/wynton/group/sirota/clairedubin/non_pregnancy_datasets/Norenhag2024_PRJEB72778/results/qc/Dysp_0133.noadapt.nohost.R1.fq.gz,/wynton/group/sirota/clairedubin/non_pregnancy_datasets/Norenhag2024_PRJEB72778/results/qc/Dysp_0133.noadapt.nohost.R2.fq.gz
Dysp_0115,/wynton/group/sirota/clairedubin/non_pregnancy_datasets/Norenhag2024_PRJEB72778/results/qc/Dysp_0115.noadapt.nohost.R1.fq.gz,/wynton/group/sirota/clairedubin/non_pregnancy_datasets/Norenhag2024_PRJEB72778/results/qc/Dysp_0115.noadapt.nohost.R2.fq.gz
Dysp_0122,/wynton/group/sirota/clairedubin/non_pregnancy_datasets/Norenhag2024_PRJEB72778/results/qc/Dysp_0122.noadapt.nohost.R1.fq.gz,/wynton/group/sirota/clairedubin/non_pregnancy_datasets/Norenhag2024_PRJEB72778/results/qc/Dysp_0122.noadapt.nohost.R2.fq.gz
Dysp_0150,/wynton/group/sirota/clairedubin/non_pregnancy_datasets/Norenhag2024_PRJEB72778/results/qc/Dysp_0150.noadapt.nohost.R1.fq.gz,/wynton/group/sirota/clairedubin/non_pregnancy_datasets/Norenhag2024_PRJEB72778/results/qc/Dysp_0150.noadapt.nohost.R2.fq.gz
Dysp_0152,/wynton/group/sirota/clairedubin/non_pregnancy_datasets/Norenhag2024_PRJEB72778/results/qc/Dysp_0152.noadapt.nohost.R1.fq.gz,/wynton/group/sirota/clairedubin/non_pregnancy_datasets/Norenhag2024_PRJEB72778/results/qc/Dysp_0152.noadapt.nohost.R2.fq.gz
Dysp_0157,/wynton/group/sirota/clairedubin/non_pregnancy_datasets/Norenhag2024_PRJEB72778/results/qc/Dysp_0157.noadapt.nohost.R1.fq.gz,/wynton/group/sirota/clairedubin/non_pregnancy_datasets/Norenhag2024_PRJEB72778/results/qc/Dysp_0157.noadapt.nohost.R2.fq.gz
Dysp_0136,/wynton/group/sirota/clairedubin/non_pregnancy_datasets/Norenhag2024_PRJEB72778/results/qc/Dysp_0136.noadapt.nohost.R1.fq.gz,/wynton/group/sirota/clairedubin/non_pregnancy_datasets/Norenhag2024_PRJEB72778/results/qc/Dysp_0136.noadapt.nohost.R2.fq.gz
Dysp_0168,/wynton/group/sirota/clairedubin/non_pregnancy_datasets/Norenhag2024_PRJEB72778/results/qc/Dysp_0168.noadapt.nohost.R1.fq.gz,/wynton/group/sirota/clairedubin/non_pregnancy_datasets/Norenhag2024_PRJEB72778/results/qc/Dysp_0168.noadapt.nohost.R2.fq.gz
Dysp_0103,/wynton/group/sirota/clairedubin/non_pregnancy_datasets/Norenhag2024_PRJEB72778/results/qc/Dysp_0103.noadapt.nohost.R1.fq.gz,/wynton/group/sirota/clairedubin/non_pregnancy_datasets/Norenhag2024_PRJEB72778/results/qc/Dysp_0103.noadapt.nohost.R2.fq.gz
Dysp_0154,/wynton/group/sirota/clairedubin/non_pregnancy_datasets/Norenhag2024_PRJEB72778/results/qc/Dysp_0154.noadapt.nohost.R1.fq.gz,/wynton/group/sirota/clairedubin/non_pregnancy_datasets/Norenhag2024_PRJEB72778/results/qc/Dysp_0154.noadapt.nohost.R2.fq.gz
Dysp_0162,/wynton/group/sirota/clairedubin/non_pregnancy_datasets/Norenhag2024_PRJEB72778/results/qc/Dysp_0162.noadapt.nohost.R1.fq.gz,/wynton/group/sirota/clairedubin/non_pregnancy_datasets/Norenhag2024_PRJEB72778/results/qc/Dysp_0162.noadapt.nohost.R2.fq.gz
Dysp_0059,/wynton/group/sirota/clairedubin/non_pregnancy_datasets/Norenhag2024_PRJEB72778/results/qc/Dysp_0059.noadapt.nohost.R1.fq.gz,/wynton/group/sirota/clairedubin/non_pregnancy_datasets/Norenhag2024_PRJEB72778/results/qc/Dysp_0059.noadapt.nohost.R2.fq.gz
Dysp_0095,/wynton/group/sirota/clairedubin/non_pregnancy_datasets/Norenhag2024_PRJEB72778/results/qc/Dysp_0095.noadapt.nohost.R1.fq.gz,/wynton/group/sirota/clairedubin/non_pregnancy_datasets/Norenhag2024_PRJEB72778/results/qc/Dysp_0095.noadapt.nohost.R2.fq.gz
Dysp_0005,/wynton/group/sirota/clairedubin/non_pregnancy_datasets/Norenhag2024_PRJEB72778/results/qc/Dysp_0005.noadapt.nohost.R1.fq.gz,/wynton/group/sirota/clairedubin/non_pregnancy_datasets/Norenhag2024_PRJEB72778/results/qc/Dysp_0005.noadapt.nohost.R2.fq.gz
Dysp_0094,/wynton/group/sirota/clairedubin/non_pregnancy_datasets/Norenhag2024_PRJEB72778/results/qc/Dysp_0094.noadapt.nohost.R1.fq.gz,/wynton/group/sirota/clairedubin/non_pregnancy_datasets/Norenhag2024_PRJEB72778/results/qc/Dysp_0094.noadapt.nohost.R2.fq.gz
Dysp_0003,/wynton/group/sirota/clairedubin/non_pregnancy_datasets/Norenhag2024_PRJEB72778/results/qc/Dysp_0003.noadapt.nohost.R1.fq.gz,/wynton/group/sirota/clairedubin/non_pregnancy_datasets/Norenhag2024_PRJEB72778/results/qc/Dysp_0003.noadapt.nohost.R2.fq.gz
Dysp_0012,/wynton/group/sirota/clairedubin/non_pregnancy_datasets/Norenhag2024_PRJEB72778/results/qc/Dysp_0012.noadapt.nohost.R1.fq.gz,/wynton/group/sirota/clairedubin/non_pregnancy_datasets/Norenhag2024_PRJEB72778/results/qc/Dysp_0012.noadapt.nohost.R2.fq.gz
Dysp_0025,/wynton/group/sirota/clairedubin/non_pregnancy_datasets/Norenhag2024_PRJEB72778/results/qc/Dysp_0025.noadapt.nohost.R1.fq.gz,/wynton/group/sirota/clairedubin/non_pregnancy_datasets/Norenhag2024_PRJEB72778/results/qc/Dysp_0025.noadapt.nohost.R2.fq.gz
Dysp_0006,/wynton/group/sirota/clairedubin/non_pregnancy_datasets/Norenhag2024_PRJEB72778/results/qc/Dysp_0006.noadapt.nohost.R1.fq.gz,/wynton/group/sirota/clairedubin/non_pregnancy_datasets/Norenhag2024_PRJEB72778/results/qc/Dysp_0006.noadapt.nohost.R2.fq.gz
Dysp_0172,/wynton/group/sirota/clairedubin/non_pregnancy_datasets/Norenhag2024_PRJEB72778/results/qc/Dysp_0172.noadapt.nohost.R1.fq.gz,/wynton/group/sirota/clairedubin/non_pregnancy_datasets/Norenhag2024_PRJEB72778/results/qc/Dysp_0172.noadapt.nohost.R2.fq.gz
Dysp_0064,/wynton/group/sirota/clairedubin/non_pregnancy_datasets/Norenhag2024_PRJEB72778/results/qc/Dysp_0064.noadapt.nohost.R1.fq.gz,/wynton/group/sirota/clairedubin/non_pregnancy_datasets/Norenhag2024_PRJEB72778/results/qc/Dysp_0064.noadapt.nohost.R2.fq.gz
Dysp_0169,/wynton/group/sirota/clairedubin/non_pregnancy_datasets/Norenhag2024_PRJEB72778/results/qc/Dysp_0169.noadapt.nohost.R1.fq.gz,/wynton/group/sirota/clairedubin/non_pregnancy_datasets/Norenhag2024_PRJEB72778/results/qc/Dysp_0169.noadapt.nohost.R2.fq.gz
Dysp_0165,/wynton/group/sirota/clairedubin/non_pregnancy_datasets/Norenhag2024_PRJEB72778/results/qc/Dysp_0165.noadapt.nohost.R1.fq.gz,/wynton/group/sirota/clairedubin/non_pregnancy_datasets/Norenhag2024_PRJEB72778/results/qc/Dysp_0165.noadapt.nohost.R2.fq.gz
Dysp_0149,/wynton/group/sirota/clairedubin/non_pregnancy_datasets/Norenhag2024_PRJEB72778/results/qc/Dysp_0149.noadapt.nohost.R1.fq.gz,/wynton/group/sirota/clairedubin/non_pregnancy_datasets/Norenhag2024_PRJEB72778/results/qc/Dysp_0149.noadapt.nohost.R2.fq.gz
Dysp_0173,/wynton/group/sirota/clairedubin/non_pregnancy_datasets/Norenhag2024_PRJEB72778/results/qc/Dysp_0173.noadapt.nohost.R1.fq.gz,/wynton/group/sirota/clairedubin/non_pregnancy_datasets/Norenhag2024_PRJEB72778/results/qc/Dysp_0173.noadapt.nohost.R2.fq.gz
Dysp_0089,/wynton/group/sirota/clairedubin/non_pregnancy_datasets/Norenhag2024_PRJEB72778/results/qc/Dysp_0089.noadapt.nohost.R1.fq.gz,/wynton/group/sirota/clairedubin/non_pregnancy_datasets/Norenhag2024_PRJEB72778/results/qc/Dysp_0089.noadapt.nohost.R2.fq.gz
Dysp_0055,/wynton/group/sirota/clairedubin/non_pregnancy_datasets/Norenhag2024_PRJEB72778/results/qc/Dysp_0055.noadapt.nohost.R1.fq.gz,/wynton/group/sirota/clairedubin/non_pregnancy_datasets/Norenhag2024_PRJEB72778/results/qc/Dysp_0055.noadapt.nohost.R2.fq.gz
Dysp_0160,/wynton/group/sirota/clairedubin/non_pregnancy_datasets/Norenhag2024_PRJEB72778/results/qc/Dysp_0160.noadapt.nohost.R1.fq.gz,/wynton/group/sirota/clairedubin/non_pregnancy_datasets/Norenhag2024_PRJEB72778/results/qc/Dysp_0160.noadapt.nohost.R2.fq.gz
Dysp_0125,/wynton/group/sirota/clairedubin/non_pregnancy_datasets/Norenhag2024_PRJEB72778/results/qc/Dysp_0125.noadapt.nohost.R1.fq.gz,/wynton/group/sirota/clairedubin/non_pregnancy_datasets/Norenhag2024_PRJEB72778/results/qc/Dysp_0125.noadapt.nohost.R2.fq.gz
Dysp_0091,/wynton/group/sirota/clairedubin/non_pregnancy_datasets/Norenhag2024_PRJEB72778/results/qc/Dysp_0091.noadapt.nohost.R1.fq.gz,/wynton/group/sirota/clairedubin/non_pregnancy_datasets/Norenhag2024_PRJEB72778/results/qc/Dysp_0091.noadapt.nohost.R2.fq.gz
Dysp_0017,/wynton/group/sirota/clairedubin/non_pregnancy_datasets/Norenhag2024_PRJEB72778/results/qc/Dysp_0017.noadapt.nohost.R1.fq.gz,/wynton/group/sirota/clairedubin/non_pregnancy_datasets/Norenhag2024_PRJEB72778/results/qc/Dysp_0017.noadapt.nohost.R2.fq.gz
Dysp_0153,/wynton/group/sirota/clairedubin/non_pregnancy_datasets/Norenhag2024_PRJEB72778/results/qc/Dysp_0153.noadapt.nohost.R1.fq.gz,/wynton/group/sirota/clairedubin/non_pregnancy_datasets/Norenhag2024_PRJEB72778/results/qc/Dysp_0153.noadapt.nohost.R2.fq.gz
VMG_0001,/wynton/group/sirota/clairedubin/non_pregnancy_datasets/Norenhag2024_PRJEB72778/results/qc/VMG_0001.noadapt.nohost.R1.fq.gz,/wynton/group/sirota/clairedubin/non_pregnancy_datasets/Norenhag2024_PRJEB72778/results/qc/VMG_0001.noadapt.nohost.R2.fq.gz
Dysp_0040,/wynton/group/sirota/clairedubin/non_pregnancy_datasets/Norenhag2024_PRJEB72778/results/qc/Dysp_0040.noadapt.nohost.R1.fq.gz,/wynton/group/sirota/clairedubin/non_pregnancy_datasets/Norenhag2024_PRJEB72778/results/qc/Dysp_0040.noadapt.nohost.R2.fq.gz
VMG_0004,/wynton/group/sirota/clairedubin/non_pregnancy_datasets/Norenhag2024_PRJEB72778/results/qc/VMG_0004.noadapt.nohost.R1.fq.gz,/wynton/group/sirota/clairedubin/non_pregnancy_datasets/Norenhag2024_PRJEB72778/results/qc/VMG_0004.noadapt.nohost.R2.fq.gz
VMG_0002,/wynton/group/sirota/clairedubin/non_pregnancy_datasets/Norenhag2024_PRJEB72778/results/qc/VMG_0002.noadapt.nohost.R1.fq.gz,/wynton/group/sirota/clairedubin/non_pregnancy_datasets/Norenhag2024_PRJEB72778/results/qc/VMG_0002.noadapt.nohost.R2.fq.gz
Dysp_0092,/wynton/group/sirota/clairedubin/non_pregnancy_datasets/Norenhag2024_PRJEB72778/results/qc/Dysp_0092.noadapt.nohost.R1.fq.gz,/wynton/group/sirota/clairedubin/non_pregnancy_datasets/Norenhag2024_PRJEB72778/results/qc/Dysp_0092.noadapt.nohost.R2.fq.gz
Dysp_0049,/wynton/group/sirota/clairedubin/non_pregnancy_datasets/Norenhag2024_PRJEB72778/results/qc/Dysp_0049.noadapt.nohost.R1.fq.gz,/wynton/group/sirota/clairedubin/non_pregnancy_datasets/Norenhag2024_PRJEB72778/results/qc/Dysp_0049.noadapt.nohost.R2.fq.gz
Dysp_0036,/wynton/group/sirota/clairedubin/non_pregnancy_datasets/Norenhag2024_PRJEB72778/results/qc/Dysp_0036.noadapt.nohost.R1.fq.gz,/wynton/group/sirota/clairedubin/non_pregnancy_datasets/Norenhag2024_PRJEB72778/results/qc/Dysp_0036.noadapt.nohost.R2.fq.gz
Dysp_0070,/wynton/group/sirota/clairedubin/non_pregnancy_datasets/Norenhag2024_PRJEB72778/results/qc/Dysp_0070.noadapt.nohost.R1.fq.gz,/wynton/group/sirota/clairedubin/non_pregnancy_datasets/Norenhag2024_PRJEB72778/results/qc/Dysp_0070.noadapt.nohost.R2.fq.gz
VMG_0010,/wynton/group/sirota/clairedubin/non_pregnancy_datasets/Norenhag2024_PRJEB72778/results/qc/VMG_0010.noadapt.nohost.R1.fq.gz,/wynton/group/sirota/clairedubin/non_pregnancy_datasets/Norenhag2024_PRJEB72778/results/qc/VMG_0010.noadapt.nohost.R2.fq.gz
Dysp_0161,/wynton/group/sirota/clairedubin/non_pregnancy_datasets/Norenhag2024_PRJEB72778/results/qc/Dysp_0161.noadapt.nohost.R1.fq.gz,/wynton/group/sirota/clairedubin/non_pregnancy_datasets/Norenhag2024_PRJEB72778/results/qc/Dysp_0161.noadapt.nohost.R2.fq.gz
Dysp_0159,/wynton/group/sirota/clairedubin/non_pregnancy_datasets/Norenhag2024_PRJEB72778/results/qc/Dysp_0159.noadapt.nohost.R1.fq.gz,/wynton/group/sirota/clairedubin/non_pregnancy_datasets/Norenhag2024_PRJEB72778/results/qc/Dysp_0159.noadapt.nohost.R2.fq.gz
Dysp_0130,/wynton/group/sirota/clairedubin/non_pregnancy_datasets/Norenhag2024_PRJEB72778/results/qc/Dysp_0130.noadapt.nohost.R1.fq.gz,/wynton/group/sirota/clairedubin/non_pregnancy_datasets/Norenhag2024_PRJEB72778/results/qc/Dysp_0130.noadapt.nohost.R2.fq.gz
VMG_0014,/wynton/group/sirota/clairedubin/non_pregnancy_datasets/Norenhag2024_PRJEB72778/results/qc/VMG_0014.noadapt.nohost.R1.fq.gz,/wynton/group/sirota/clairedubin/non_pregnancy_datasets/Norenhag2024_PRJEB72778/results/qc/VMG_0014.noadapt.nohost.R2.fq.gz
Dysp_0109,/wynton/group/sirota/clairedubin/non_pregnancy_datasets/Norenhag2024_PRJEB72778/results/qc/Dysp_0109.noadapt.nohost.R1.fq.gz,/wynton/group/sirota/clairedubin/non_pregnancy_datasets/Norenhag2024_PRJEB72778/results/qc/Dysp_0109.noadapt.nohost.R2.fq.gz
VMG_0009,/wynton/group/sirota/clairedubin/non_pregnancy_datasets/Norenhag2024_PRJEB72778/results/qc/VMG_0009.noadapt.nohost.R1.fq.gz,/wynton/group/sirota/clairedubin/non_pregnancy_datasets/Norenhag2024_PRJEB72778/results/qc/VMG_0009.noadapt.nohost.R2.fq.gz
Dysp_0112,/wynton/group/sirota/clairedubin/non_pregnancy_datasets/Norenhag2024_PRJEB72778/results/qc/Dysp_0112.noadapt.nohost.R1.fq.gz,/wynton/group/sirota/clairedubin/non_pregnancy_datasets/Norenhag2024_PRJEB72778/results/qc/Dysp_0112.noadapt.nohost.R2.fq.gz
VMG_0015,/wynton/group/sirota/clairedubin/non_pregnancy_datasets/Norenhag2024_PRJEB72778/results/qc/VMG_0015.noadapt.nohost.R1.fq.gz,/wynton/group/sirota/clairedubin/non_pregnancy_datasets/Norenhag2024_PRJEB72778/results/qc/VMG_0015.noadapt.nohost.R2.fq.gz
Dysp_0101,/wynton/group/sirota/clairedubin/non_pregnancy_datasets/Norenhag2024_PRJEB72778/results/qc/Dysp_0101.noadapt.nohost.R1.fq.gz,/wynton/group/sirota/clairedubin/non_pregnancy_datasets/Norenhag2024_PRJEB72778/results/qc/Dysp_0101.noadapt.nohost.R2.fq.gz
VMG_0018,/wynton/group/sirota/clairedubin/non_pregnancy_datasets/Norenhag2024_PRJEB72778/results/qc/VMG_0018.noadapt.nohost.R1.fq.gz,/wynton/group/sirota/clairedubin/non_pregnancy_datasets/Norenhag2024_PRJEB72778/results/qc/VMG_0018.noadapt.nohost.R2.fq.gz
VMG_0021,/wynton/group/sirota/clairedubin/non_pregnancy_datasets/Norenhag2024_PRJEB72778/results/qc/VMG_0021.noadapt.nohost.R1.fq.gz,/wynton/group/sirota/clairedubin/non_pregnancy_datasets/Norenhag2024_PRJEB72778/results/qc/VMG_0021.noadapt.nohost.R2.fq.gz
VMG_0012,/wynton/group/sirota/clairedubin/non_pregnancy_datasets/Norenhag2024_PRJEB72778/results/qc/VMG_0012.noadapt.nohost.R1.fq.gz,/wynton/group/sirota/clairedubin/non_pregnancy_datasets/Norenhag2024_PRJEB72778/results/qc/VMG_0012.noadapt.nohost.R2.fq.gz
VMG_0005,/wynton/group/sirota/clairedubin/non_pregnancy_datasets/Norenhag2024_PRJEB72778/results/qc/VMG_0005.noadapt.nohost.R1.fq.gz,/wynton/group/sirota/clairedubin/non_pregnancy_datasets/Norenhag2024_PRJEB72778/results/qc/VMG_0005.noadapt.nohost.R2.fq.gz
Dysp_0146,/wynton/group/sirota/clairedubin/non_pregnancy_datasets/Norenhag2024_PRJEB72778/results/qc/Dysp_0146.noadapt.nohost.R1.fq.gz,/wynton/group/sirota/clairedubin/non_pregnancy_datasets/Norenhag2024_PRJEB72778/results/qc/Dysp_0146.noadapt.nohost.R2.fq.gz
VMG_0029,/wynton/group/sirota/clairedubin/non_pregnancy_datasets/Norenhag2024_PRJEB72778/results/qc/VMG_0029.noadapt.nohost.R1.fq.gz,/wynton/group/sirota/clairedubin/non_pregnancy_datasets/Norenhag2024_PRJEB72778/results/qc/VMG_0029.noadapt.nohost.R2.fq.gz
VMG_0024,/wynton/group/sirota/clairedubin/non_pregnancy_datasets/Norenhag2024_PRJEB72778/results/qc/VMG_0024.noadapt.nohost.R1.fq.gz,/wynton/group/sirota/clairedubin/non_pregnancy_datasets/Norenhag2024_PRJEB72778/results/qc/VMG_0024.noadapt.nohost.R2.fq.gz
VMG_0060,/wynton/group/sirota/clairedubin/non_pregnancy_datasets/Norenhag2024_PRJEB72778/results/qc/VMG_0060.noadapt.nohost.R1.fq.gz,/wynton/group/sirota/clairedubin/non_pregnancy_datasets/Norenhag2024_PRJEB72778/results/qc/VMG_0060.noadapt.nohost.R2.fq.gz
VMG_0022,/wynton/group/sirota/clairedubin/non_pregnancy_datasets/Norenhag2024_PRJEB72778/results/qc/VMG_0022.noadapt.nohost.R1.fq.gz,/wynton/group/sirota/clairedubin/non_pregnancy_datasets/Norenhag2024_PRJEB72778/results/qc/VMG_0022.noadapt.nohost.R2.fq.gz
VMG_0051,/wynton/group/sirota/clairedubin/non_pregnancy_datasets/Norenhag2024_PRJEB72778/results/qc/VMG_0051.noadapt.nohost.R1.fq.gz,/wynton/group/sirota/clairedubin/non_pregnancy_datasets/Norenhag2024_PRJEB72778/results/qc/VMG_0051.noadapt.nohost.R2.fq.gz
VMG_0049,/wynton/group/sirota/clairedubin/non_pregnancy_datasets/Norenhag2024_PRJEB72778/results/qc/VMG_0049.noadapt.nohost.R1.fq.gz,/wynton/group/sirota/clairedubin/non_pregnancy_datasets/Norenhag2024_PRJEB72778/results/qc/VMG_0049.noadapt.nohost.R2.fq.gz
VMG_0020,/wynton/group/sirota/clairedubin/non_pregnancy_datasets/Norenhag2024_PRJEB72778/results/qc/VMG_0020.noadapt.nohost.R1.fq.gz,/wynton/group/sirota/clairedubin/non_pregnancy_datasets/Norenhag2024_PRJEB72778/results/qc/VMG_0020.noadapt.nohost.R2.fq.gz
VMG_0039,/wynton/group/sirota/clairedubin/non_pregnancy_datasets/Norenhag2024_PRJEB72778/results/qc/VMG_0039.noadapt.nohost.R1.fq.gz,/wynton/group/sirota/clairedubin/non_pregnancy_datasets/Norenhag2024_PRJEB72778/results/qc/VMG_0039.noadapt.nohost.R2.fq.gz
VMG_0030,/wynton/group/sirota/clairedubin/non_pregnancy_datasets/Norenhag2024_PRJEB72778/results/qc/VMG_0030.noadapt.nohost.R1.fq.gz,/wynton/group/sirota/clairedubin/non_pregnancy_datasets/Norenhag2024_PRJEB72778/results/qc/VMG_0030.noadapt.nohost.R2.fq.gz
VMG_0047,/wynton/group/sirota/clairedubin/non_pregnancy_datasets/Norenhag2024_PRJEB72778/results/qc/VMG_0047.noadapt.nohost.R1.fq.gz,/wynton/group/sirota/clairedubin/non_pregnancy_datasets/Norenhag2024_PRJEB72778/results/qc/VMG_0047.noadapt.nohost.R2.fq.gz
VMG_0011,/wynton/group/sirota/clairedubin/non_pregnancy_datasets/Norenhag2024_PRJEB72778/results/qc/VMG_0011.noadapt.nohost.R1.fq.gz,/wynton/group/sirota/clairedubin/non_pregnancy_datasets/Norenhag2024_PRJEB72778/results/qc/VMG_0011.noadapt.nohost.R2.fq.gz
VMG_0052,/wynton/group/sirota/clairedubin/non_pregnancy_datasets/Norenhag2024_PRJEB72778/results/qc/VMG_0052.noadapt.nohost.R1.fq.gz,/wynton/group/sirota/clairedubin/non_pregnancy_datasets/Norenhag2024_PRJEB72778/results/qc/VMG_0052.noadapt.nohost.R2.fq.gz
VMG_0041,/wynton/group/sirota/clairedubin/non_pregnancy_datasets/Norenhag2024_PRJEB72778/results/qc/VMG_0041.noadapt.nohost.R1.fq.gz,/wynton/group/sirota/clairedubin/non_pregnancy_datasets/Norenhag2024_PRJEB72778/results/qc/VMG_0041.noadapt.nohost.R2.fq.gz
VMG_0065,/wynton/group/sirota/clairedubin/non_pregnancy_datasets/Norenhag2024_PRJEB72778/results/qc/VMG_0065.noadapt.nohost.R1.fq.gz,/wynton/group/sirota/clairedubin/non_pregnancy_datasets/Norenhag2024_PRJEB72778/results/qc/VMG_0065.noadapt.nohost.R2.fq.gz
VMG_0038,/wynton/group/sirota/clairedubin/non_pregnancy_datasets/Norenhag2024_PRJEB72778/results/qc/VMG_0038.noadapt.nohost.R1.fq.gz,/wynton/group/sirota/clairedubin/non_pregnancy_datasets/Norenhag2024_PRJEB72778/results/qc/VMG_0038.noadapt.nohost.R2.fq.gz
VMG_0055,/wynton/group/sirota/clairedubin/non_pregnancy_datasets/Norenhag2024_PRJEB72778/results/qc/VMG_0055.noadapt.nohost.R1.fq.gz,/wynton/group/sirota/clairedubin/non_pregnancy_datasets/Norenhag2024_PRJEB72778/results/qc/VMG_0055.noadapt.nohost.R2.fq.gz
VMG_0054,/wynton/group/sirota/clairedubin/non_pregnancy_datasets/Norenhag2024_PRJEB72778/results/qc/VMG_0054.noadapt.nohost.R1.fq.gz,/wynton/group/sirota/clairedubin/non_pregnancy_datasets/Norenhag2024_PRJEB72778/results/qc/VMG_0054.noadapt.nohost.R2.fq.gz
VMG_0045,/wynton/group/sirota/clairedubin/non_pregnancy_datasets/Norenhag2024_PRJEB72778/results/qc/VMG_0045.noadapt.nohost.R1.fq.gz,/wynton/group/sirota/clairedubin/non_pregnancy_datasets/Norenhag2024_PRJEB72778/results/qc/VMG_0045.noadapt.nohost.R2.fq.gz
VMG_0080,/wynton/group/sirota/clairedubin/non_pregnancy_datasets/Norenhag2024_PRJEB72778/results/qc/VMG_0080.noadapt.nohost.R1.fq.gz,/wynton/group/sirota/clairedubin/non_pregnancy_datasets/Norenhag2024_PRJEB72778/results/qc/VMG_0080.noadapt.nohost.R2.fq.gz
VMG_0056,/wynton/group/sirota/clairedubin/non_pregnancy_datasets/Norenhag2024_PRJEB72778/results/qc/VMG_0056.noadapt.nohost.R1.fq.gz,/wynton/group/sirota/clairedubin/non_pregnancy_datasets/Norenhag2024_PRJEB72778/results/qc/VMG_0056.noadapt.nohost.R2.fq.gz
VMG_0064,/wynton/group/sirota/clairedubin/non_pregnancy_datasets/Norenhag2024_PRJEB72778/results/qc/VMG_0064.noadapt.nohost.R1.fq.gz,/wynton/group/sirota/clairedubin/non_pregnancy_datasets/Norenhag2024_PRJEB72778/results/qc/VMG_0064.noadapt.nohost.R2.fq.gz
VMG_0088,/wynton/group/sirota/clairedubin/non_pregnancy_datasets/Norenhag2024_PRJEB72778/results/qc/VMG_0088.noadapt.nohost.R1.fq.gz,/wynton/group/sirota/clairedubin/non_pregnancy_datasets/Norenhag2024_PRJEB72778/results/qc/VMG_0088.noadapt.nohost.R2.fq.gz
VMG_0118,/wynton/group/sirota/clairedubin/non_pregnancy_datasets/Norenhag2024_PRJEB72778/results/qc/VMG_0118.noadapt.nohost.R1.fq.gz,/wynton/group/sirota/clairedubin/non_pregnancy_datasets/Norenhag2024_PRJEB72778/results/qc/VMG_0118.noadapt.nohost.R2.fq.gz
VMG_0068,/wynton/group/sirota/clairedubin/non_pregnancy_datasets/Norenhag2024_PRJEB72778/results/qc/VMG_0068.noadapt.nohost.R1.fq.gz,/wynton/group/sirota/clairedubin/non_pregnancy_datasets/Norenhag2024_PRJEB72778/results/qc/VMG_0068.noadapt.nohost.R2.fq.gz
VMG_0028,/wynton/group/sirota/clairedubin/non_pregnancy_datasets/Norenhag2024_PRJEB72778/results/qc/VMG_0028.noadapt.nohost.R1.fq.gz,/wynton/group/sirota/clairedubin/non_pregnancy_datasets/Norenhag2024_PRJEB72778/results/qc/VMG_0028.noadapt.nohost.R2.fq.gz
VMG_0073,/wynton/group/sirota/clairedubin/non_pregnancy_datasets/Norenhag2024_PRJEB72778/results/qc/VMG_0073.noadapt.nohost.R1.fq.gz,/wynton/group/sirota/clairedubin/non_pregnancy_datasets/Norenhag2024_PRJEB72778/results/qc/VMG_0073.noadapt.nohost.R2.fq.gz
VMG_0069,/wynton/group/sirota/clairedubin/non_pregnancy_datasets/Norenhag2024_PRJEB72778/results/qc/VMG_0069.noadapt.nohost.R1.fq.gz,/wynton/group/sirota/clairedubin/non_pregnancy_datasets/Norenhag2024_PRJEB72778/results/qc/VMG_0069.noadapt.nohost.R2.fq.gz
VMG_0096,/wynton/group/sirota/clairedubin/non_pregnancy_datasets/Norenhag2024_PRJEB72778/results/qc/VMG_0096.noadapt.nohost.R1.fq.gz,/wynton/group/sirota/clairedubin/non_pregnancy_datasets/Norenhag2024_PRJEB72778/results/qc/VMG_0096.noadapt.nohost.R2.fq.gz
Dysp_0175,/wynton/group/sirota/clairedubin/non_pregnancy_datasets/Norenhag2024_PRJEB72778/results/qc/Dysp_0175.noadapt.nohost.R1.fq.gz,/wynton/group/sirota/clairedubin/non_pregnancy_datasets/Norenhag2024_PRJEB72778/results/qc/Dysp_0175.noadapt.nohost.R2.fq.gz
VMG_0091,/wynton/group/sirota/clairedubin/non_pregnancy_datasets/Norenhag2024_PRJEB72778/results/qc/VMG_0091.noadapt.nohost.R1.fq.gz,/wynton/group/sirota/clairedubin/non_pregnancy_datasets/Norenhag2024_PRJEB72778/results/qc/VMG_0091.noadapt.nohost.R2.fq.gz
VMG_0124,/wynton/group/sirota/clairedubin/non_pregnancy_datasets/Norenhag2024_PRJEB72778/results/qc/VMG_0124.noadapt.nohost.R1.fq.gz,/wynton/group/sirota/clairedubin/non_pregnancy_datasets/Norenhag2024_PRJEB72778/results/qc/VMG_0124.noadapt.nohost.R2.fq.gz
VMG_0109,/wynton/group/sirota/clairedubin/non_pregnancy_datasets/Norenhag2024_PRJEB72778/results/qc/VMG_0109.noadapt.nohost.R1.fq.gz,/wynton/group/sirota/clairedubin/non_pregnancy_datasets/Norenhag2024_PRJEB72778/results/qc/VMG_0109.noadapt.nohost.R2.fq.gz
VMG_0125,/wynton/group/sirota/clairedubin/non_pregnancy_datasets/Norenhag2024_PRJEB72778/results/qc/VMG_0125.noadapt.nohost.R1.fq.gz,/wynton/group/sirota/clairedubin/non_pregnancy_datasets/Norenhag2024_PRJEB72778/results/qc/VMG_0125.noadapt.nohost.R2.fq.gz
VMG_0101,/wynton/group/sirota/clairedubin/non_pregnancy_datasets/Norenhag2024_PRJEB72778/results/qc/VMG_0101.noadapt.nohost.R1.fq.gz,/wynton/group/sirota/clairedubin/non_pregnancy_datasets/Norenhag2024_PRJEB72778/results/qc/VMG_0101.noadapt.nohost.R2.fq.gz
VMG_0095,/wynton/group/sirota/clairedubin/non_pregnancy_datasets/Norenhag2024_PRJEB72778/results/qc/VMG_0095.noadapt.nohost.R1.fq.gz,/wynton/group/sirota/clairedubin/non_pregnancy_datasets/Norenhag2024_PRJEB72778/results/qc/VMG_0095.noadapt.nohost.R2.fq.gz
VMG_0105,/wynton/group/sirota/clairedubin/non_pregnancy_datasets/Norenhag2024_PRJEB72778/results/qc/VMG_0105.noadapt.nohost.R1.fq.gz,/wynton/group/sirota/clairedubin/non_pregnancy_datasets/Norenhag2024_PRJEB72778/results/qc/VMG_0105.noadapt.nohost.R2.fq.gz
VMG_0116,/wynton/group/sirota/clairedubin/non_pregnancy_datasets/Norenhag2024_PRJEB72778/results/qc/VMG_0116.noadapt.nohost.R1.fq.gz,/wynton/group/sirota/clairedubin/non_pregnancy_datasets/Norenhag2024_PRJEB72778/results/qc/VMG_0116.noadapt.nohost.R2.fq.gz
VMG_0107,/wynton/group/sirota/clairedubin/non_pregnancy_datasets/Norenhag2024_PRJEB72778/results/qc/VMG_0107.noadapt.nohost.R1.fq.gz,/wynton/group/sirota/clairedubin/non_pregnancy_datasets/Norenhag2024_PRJEB72778/results/qc/VMG_0107.noadapt.nohost.R2.fq.gz
VMG_0131,/wynton/group/sirota/clairedubin/non_pregnancy_datasets/Norenhag2024_PRJEB72778/results/qc/VMG_0131.noadapt.nohost.R1.fq.gz,/wynton/group/sirota/clairedubin/non_pregnancy_datasets/Norenhag2024_PRJEB72778/results/qc/VMG_0131.noadapt.nohost.R2.fq.gz
VMG_0123,/wynton/group/sirota/clairedubin/non_pregnancy_datasets/Norenhag2024_PRJEB72778/results/qc/VMG_0123.noadapt.nohost.R1.fq.gz,/wynton/group/sirota/clairedubin/non_pregnancy_datasets/Norenhag2024_PRJEB72778/results/qc/VMG_0123.noadapt.nohost.R2.fq.gz
Dysp_0072,/wynton/group/sirota/clairedubin/non_pregnancy_datasets/Norenhag2024_PRJEB72778/results/qc/Dysp_0072.noadapt.nohost.R1.fq.gz,/wynton/group/sirota/clairedubin/non_pregnancy_datasets/Norenhag2024_PRJEB72778/results/qc/Dysp_0072.noadapt.nohost.R2.fq.gz
VMG_0097,/wynton/group/sirota/clairedubin/non_pregnancy_datasets/Norenhag2024_PRJEB72778/results/qc/VMG_0097.noadapt.nohost.R1.fq.gz,/wynton/group/sirota/clairedubin/non_pregnancy_datasets/Norenhag2024_PRJEB72778/results/qc/VMG_0097.noadapt.nohost.R2.fq.gz
VMG_0013,/wynton/group/sirota/clairedubin/non_pregnancy_datasets/Norenhag2024_PRJEB72778/results/qc/VMG_0013.noadapt.nohost.R1.fq.gz,/wynton/group/sirota/clairedubin/non_pregnancy_datasets/Norenhag2024_PRJEB72778/results/qc/VMG_0013.noadapt.nohost.R2.fq.gz
VMG_0127,/wynton/group/sirota/clairedubin/non_pregnancy_datasets/Norenhag2024_PRJEB72778/results/qc/VMG_0127.noadapt.nohost.R1.fq.gz,/wynton/group/sirota/clairedubin/non_pregnancy_datasets/Norenhag2024_PRJEB72778/results/qc/VMG_0127.noadapt.nohost.R2.fq.gz
VMG_0133,/wynton/group/sirota/clairedubin/non_pregnancy_datasets/Norenhag2024_PRJEB72778/results/qc/VMG_0133.noadapt.nohost.R1.fq.gz,/wynton/group/sirota/clairedubin/non_pregnancy_datasets/Norenhag2024_PRJEB72778/results/qc/VMG_0133.noadapt.nohost.R2.fq.gz
VMG_0132,/wynton/group/sirota/clairedubin/non_pregnancy_datasets/Norenhag2024_PRJEB72778/results/qc/VMG_0132.noadapt.nohost.R1.fq.gz,/wynton/group/sirota/clairedubin/non_pregnancy_datasets/Norenhag2024_PRJEB72778/results/qc/VMG_0132.noadapt.nohost.R2.fq.gz
VMG_0122,/wynton/group/sirota/clairedubin/non_pregnancy_datasets/Norenhag2024_PRJEB72778/results/qc/VMG_0122.noadapt.nohost.R1.fq.gz,/wynton/group/sirota/clairedubin/non_pregnancy_datasets/Norenhag2024_PRJEB72778/results/qc/VMG_0122.noadapt.nohost.R2.fq.gz
VMG_0126,/wynton/group/sirota/clairedubin/non_pregnancy_datasets/Norenhag2024_PRJEB72778/results/qc/VMG_0126.noadapt.nohost.R1.fq.gz,/wynton/group/sirota/clairedubin/non_pregnancy_datasets/Norenhag2024_PRJEB72778/results/qc/VMG_0126.noadapt.nohost.R2.fq.gz
VMG_0130,/wynton/group/sirota/clairedubin/non_pregnancy_datasets/Norenhag2024_PRJEB72778/results/qc/VMG_0130.noadapt.nohost.R1.fq.gz,/wynton/group/sirota/clairedubin/non_pregnancy_datasets/Norenhag2024_PRJEB72778/results/qc/VMG_0130.noadapt.nohost.R2.fq.gz
VMG_0032,/wynton/group/sirota/clairedubin/non_pregnancy_datasets/Norenhag2024_PRJEB72778/results/qc/VMG_0032.noadapt.nohost.R1.fq.gz,/wynton/group/sirota/clairedubin/non_pregnancy_datasets/Norenhag2024_PRJEB72778/results/qc/VMG_0032.noadapt.nohost.R2.fq.gz
VMG_0008,/wynton/group/sirota/clairedubin/non_pregnancy_datasets/Norenhag2024_PRJEB72778/results/qc/VMG_0008.noadapt.nohost.R1.fq.gz,/wynton/group/sirota/clairedubin/non_pregnancy_datasets/Norenhag2024_PRJEB72778/results/qc/VMG_0008.noadapt.nohost.R2.fq.gz
VMG_0121,/wynton/group/sirota/clairedubin/non_pregnancy_datasets/Norenhag2024_PRJEB72778/results/qc/VMG_0121.noadapt.nohost.R1.fq.gz,/wynton/group/sirota/clairedubin/non_pregnancy_datasets/Norenhag2024_PRJEB72778/results/qc/VMG_0121.noadapt.nohost.R2.fq.gz
VMG_0156,/wynton/group/sirota/clairedubin/non_pregnancy_datasets/Norenhag2024_PRJEB72778/results/qc/VMG_0156.noadapt.nohost.R1.fq.gz,/wynton/group/sirota/clairedubin/non_pregnancy_datasets/Norenhag2024_PRJEB72778/results/qc/VMG_0156.noadapt.nohost.R2.fq.gz
VMG_0158,/wynton/group/sirota/clairedubin/non_pregnancy_datasets/Norenhag2024_PRJEB72778/results/qc/VMG_0158.noadapt.nohost.R1.fq.gz,/wynton/group/sirota/clairedubin/non_pregnancy_datasets/Norenhag2024_PRJEB72778/results/qc/VMG_0158.noadapt.nohost.R2.fq.gz
VMG_0154,/wynton/group/sirota/clairedubin/non_pregnancy_datasets/Norenhag2024_PRJEB72778/results/qc/VMG_0154.noadapt.nohost.R1.fq.gz,/wynton/group/sirota/clairedubin/non_pregnancy_datasets/Norenhag2024_PRJEB72778/results/qc/VMG_0154.noadapt.nohost.R2.fq.gz
VMG_0114,/wynton/group/sirota/clairedubin/non_pregnancy_datasets/Norenhag2024_PRJEB72778/results/qc/VMG_0114.noadapt.nohost.R1.fq.gz,/wynton/group/sirota/clairedubin/non_pregnancy_datasets/Norenhag2024_PRJEB72778/results/qc/VMG_0114.noadapt.nohost.R2.fq.gz
VMG_0031,/wynton/group/sirota/clairedubin/non_pregnancy_datasets/Norenhag2024_PRJEB72778/results/qc/VMG_0031.noadapt.nohost.R1.fq.gz,/wynton/group/sirota/clairedubin/non_pregnancy_datasets/Norenhag2024_PRJEB72778/results/qc/VMG_0031.noadapt.nohost.R2.fq.gz
VMG_0044,/wynton/group/sirota/clairedubin/non_pregnancy_datasets/Norenhag2024_PRJEB72778/results/qc/VMG_0044.noadapt.nohost.R1.fq.gz,/wynton/group/sirota/clairedubin/non_pregnancy_datasets/Norenhag2024_PRJEB72778/results/qc/VMG_0044.noadapt.nohost.R2.fq.gz
VMG_0077,/wynton/group/sirota/clairedubin/non_pregnancy_datasets/Norenhag2024_PRJEB72778/results/qc/VMG_0077.noadapt.nohost.R1.fq.gz,/wynton/group/sirota/clairedubin/non_pregnancy_datasets/Norenhag2024_PRJEB72778/results/qc/VMG_0077.noadapt.nohost.R2.fq.gz
VMG_0040,/wynton/group/sirota/clairedubin/non_pregnancy_datasets/Norenhag2024_PRJEB72778/results/qc/VMG_0040.noadapt.nohost.R1.fq.gz,/wynton/group/sirota/clairedubin/non_pregnancy_datasets/Norenhag2024_PRJEB72778/results/qc/VMG_0040.noadapt.nohost.R2.fq.gz
VMG_0066,/wynton/group/sirota/clairedubin/non_pregnancy_datasets/Norenhag2024_PRJEB72778/results/qc/VMG_0066.noadapt.nohost.R1.fq.gz,/wynton/group/sirota/clairedubin/non_pregnancy_datasets/Norenhag2024_PRJEB72778/results/qc/VMG_0066.noadapt.nohost.R2.fq.gz
VMG_0089,/wynton/group/sirota/clairedubin/non_pregnancy_datasets/Norenhag2024_PRJEB72778/results/qc/VMG_0089.noadapt.nohost.R1.fq.gz,/wynton/group/sirota/clairedubin/non_pregnancy_datasets/Norenhag2024_PRJEB72778/results/qc/VMG_0089.noadapt.nohost.R2.fq.gz
VMG_0082,/wynton/group/sirota/clairedubin/non_pregnancy_datasets/Norenhag2024_PRJEB72778/results/qc/VMG_0082.noadapt.nohost.R1.fq.gz,/wynton/group/sirota/clairedubin/non_pregnancy_datasets/Norenhag2024_PRJEB72778/results/qc/VMG_0082.noadapt.nohost.R2.fq.gz
VMG_0112,/wynton/group/sirota/clairedubin/non_pregnancy_datasets/Norenhag2024_PRJEB72778/results/qc/VMG_0112.noadapt.nohost.R1.fq.gz,/wynton/group/sirota/clairedubin/non_pregnancy_datasets/Norenhag2024_PRJEB72778/results/qc/VMG_0112.noadapt.nohost.R2.fq.gz
VMG_0143,/wynton/group/sirota/clairedubin/non_pregnancy_datasets/Norenhag2024_PRJEB72778/results/qc/VMG_0143.noadapt.nohost.R1.fq.gz,/wynton/group/sirota/clairedubin/non_pregnancy_datasets/Norenhag2024_PRJEB72778/results/qc/VMG_0143.noadapt.nohost.R2.fq.gz
VMG_0172,/wynton/group/sirota/clairedubin/non_pregnancy_datasets/Norenhag2024_PRJEB72778/results/qc/VMG_0172.noadapt.nohost.R1.fq.gz,/wynton/group/sirota/clairedubin/non_pregnancy_datasets/Norenhag2024_PRJEB72778/results/qc/VMG_0172.noadapt.nohost.R2.fq.gz
VMG_0174,/wynton/group/sirota/clairedubin/non_pregnancy_datasets/Norenhag2024_PRJEB72778/results/qc/VMG_0174.noadapt.nohost.R1.fq.gz,/wynton/group/sirota/clairedubin/non_pregnancy_datasets/Norenhag2024_PRJEB72778/results/qc/VMG_0174.noadapt.nohost.R2.fq.gz
VMG_0175,/wynton/group/sirota/clairedubin/non_pregnancy_datasets/Norenhag2024_PRJEB72778/results/qc/VMG_0175.noadapt.nohost.R1.fq.gz,/wynton/group/sirota/clairedubin/non_pregnancy_datasets/Norenhag2024_PRJEB72778/results/qc/VMG_0175.noadapt.nohost.R2.fq.gz
VMG_0149,/wynton/group/sirota/clairedubin/non_pregnancy_datasets/Norenhag2024_PRJEB72778/results/qc/VMG_0149.noadapt.nohost.R1.fq.gz,/wynton/group/sirota/clairedubin/non_pregnancy_datasets/Norenhag2024_PRJEB72778/results/qc/VMG_0149.noadapt.nohost.R2.fq.gz
VMG_0144,/wynton/group/sirota/clairedubin/non_pregnancy_datasets/Norenhag2024_PRJEB72778/results/qc/VMG_0144.noadapt.nohost.R1.fq.gz,/wynton/group/sirota/clairedubin/non_pregnancy_datasets/Norenhag2024_PRJEB72778/results/qc/VMG_0144.noadapt.nohost.R2.fq.gz
VMG_0167,/wynton/group/sirota/clairedubin/non_pregnancy_datasets/Norenhag2024_PRJEB72778/results/qc/VMG_0167.noadapt.nohost.R1.fq.gz,/wynton/group/sirota/clairedubin/non_pregnancy_datasets/Norenhag2024_PRJEB72778/results/qc/VMG_0167.noadapt.nohost.R2.fq.gz
VMG_0157,/wynton/group/sirota/clairedubin/non_pregnancy_datasets/Norenhag2024_PRJEB72778/results/qc/VMG_0157.noadapt.nohost.R1.fq.gz,/wynton/group/sirota/clairedubin/non_pregnancy_datasets/Norenhag2024_PRJEB72778/results/qc/VMG_0157.noadapt.nohost.R2.fq.gz
VMG_0084,/wynton/group/sirota/clairedubin/non_pregnancy_datasets/Norenhag2024_PRJEB72778/results/qc/VMG_0084.noadapt.nohost.R1.fq.gz,/wynton/group/sirota/clairedubin/non_pregnancy_datasets/Norenhag2024_PRJEB72778/results/qc/VMG_0084.noadapt.nohost.R2.fq.gz
VMG_0076,/wynton/group/sirota/clairedubin/non_pregnancy_datasets/Norenhag2024_PRJEB72778/results/qc/VMG_0076.noadapt.nohost.R1.fq.gz,/wynton/group/sirota/clairedubin/non_pregnancy_datasets/Norenhag2024_PRJEB72778/results/qc/VMG_0076.noadapt.nohost.R2.fq.gz
VMG_0033,/wynton/group/sirota/clairedubin/non_pregnancy_datasets/Norenhag2024_PRJEB72778/results/qc/VMG_0033.noadapt.nohost.R1.fq.gz,/wynton/group/sirota/clairedubin/non_pregnancy_datasets/Norenhag2024_PRJEB72778/results/qc/VMG_0033.noadapt.nohost.R2.fq.gz
VMG_0006,/wynton/group/sirota/clairedubin/non_pregnancy_datasets/Norenhag2024_PRJEB72778/results/qc/VMG_0006.noadapt.nohost.R1.fq.gz,/wynton/group/sirota/clairedubin/non_pregnancy_datasets/Norenhag2024_PRJEB72778/results/qc/VMG_0006.noadapt.nohost.R2.fq.gz
VMG_0035,/wynton/group/sirota/clairedubin/non_pregnancy_datasets/Norenhag2024_PRJEB72778/results/qc/VMG_0035.noadapt.nohost.R1.fq.gz,/wynton/group/sirota/clairedubin/non_pregnancy_datasets/Norenhag2024_PRJEB72778/results/qc/VMG_0035.noadapt.nohost.R2.fq.gz
VMG_0067,/wynton/group/sirota/clairedubin/non_pregnancy_datasets/Norenhag2024_PRJEB72778/results/qc/VMG_0067.noadapt.nohost.R1.fq.gz,/wynton/group/sirota/clairedubin/non_pregnancy_datasets/Norenhag2024_PRJEB72778/results/qc/VMG_0067.noadapt.nohost.R2.fq.gz
VMG_0048,/wynton/group/sirota/clairedubin/non_pregnancy_datasets/Norenhag2024_PRJEB72778/results/qc/VMG_0048.noadapt.nohost.R1.fq.gz,/wynton/group/sirota/clairedubin/non_pregnancy_datasets/Norenhag2024_PRJEB72778/results/qc/VMG_0048.noadapt.nohost.R2.fq.gz
VMG_0071,/wynton/group/sirota/clairedubin/non_pregnancy_datasets/Norenhag2024_PRJEB72778/results/qc/VMG_0071.noadapt.nohost.R1.fq.gz,/wynton/group/sirota/clairedubin/non_pregnancy_datasets/Norenhag2024_PRJEB72778/results/qc/VMG_0071.noadapt.nohost.R2.fq.gz
VMG_0046,/wynton/group/sirota/clairedubin/non_pregnancy_datasets/Norenhag2024_PRJEB72778/results/qc/VMG_0046.noadapt.nohost.R1.fq.gz,/wynton/group/sirota/clairedubin/non_pregnancy_datasets/Norenhag2024_PRJEB72778/results/qc/VMG_0046.noadapt.nohost.R2.fq.gz
VMG_0081,/wynton/group/sirota/clairedubin/non_pregnancy_datasets/Norenhag2024_PRJEB72778/results/qc/VMG_0081.noadapt.nohost.R1.fq.gz,/wynton/group/sirota/clairedubin/non_pregnancy_datasets/Norenhag2024_PRJEB72778/results/qc/VMG_0081.noadapt.nohost.R2.fq.gz
VMG_0083,/wynton/group/sirota/clairedubin/non_pregnancy_datasets/Norenhag2024_PRJEB72778/results/qc/VMG_0083.noadapt.nohost.R1.fq.gz,/wynton/group/sirota/clairedubin/non_pregnancy_datasets/Norenhag2024_PRJEB72778/results/qc/VMG_0083.noadapt.nohost.R2.fq.gz
VMG_0102,/wynton/group/sirota/clairedubin/non_pregnancy_datasets/Norenhag2024_PRJEB72778/results/qc/VMG_0102.noadapt.nohost.R1.fq.gz,/wynton/group/sirota/clairedubin/non_pregnancy_datasets/Norenhag2024_PRJEB72778/results/qc/VMG_0102.noadapt.nohost.R2.fq.gz
VMG_0155,/wynton/group/sirota/clairedubin/non_pregnancy_datasets/Norenhag2024_PRJEB72778/results/qc/VMG_0155.noadapt.nohost.R1.fq.gz,/wynton/group/sirota/clairedubin/non_pregnancy_datasets/Norenhag2024_PRJEB72778/results/qc/VMG_0155.noadapt.nohost.R2.fq.gz
VMG_0138,/wynton/group/sirota/clairedubin/non_pregnancy_datasets/Norenhag2024_PRJEB72778/results/qc/VMG_0138.noadapt.nohost.R1.fq.gz,/wynton/group/sirota/clairedubin/non_pregnancy_datasets/Norenhag2024_PRJEB72778/results/qc/VMG_0138.noadapt.nohost.R2.fq.gz
VMG_0146,/wynton/group/sirota/clairedubin/non_pregnancy_datasets/Norenhag2024_PRJEB72778/results/qc/VMG_0146.noadapt.nohost.R1.fq.gz,/wynton/group/sirota/clairedubin/non_pregnancy_datasets/Norenhag2024_PRJEB72778/results/qc/VMG_0146.noadapt.nohost.R2.fq.gz
VMG_0169,/wynton/group/sirota/clairedubin/non_pregnancy_datasets/Norenhag2024_PRJEB72778/results/qc/VMG_0169.noadapt.nohost.R1.fq.gz,/wynton/group/sirota/clairedubin/non_pregnancy_datasets/Norenhag2024_PRJEB72778/results/qc/VMG_0169.noadapt.nohost.R2.fq.gz
VMG_0070,/wynton/group/sirota/clairedubin/non_pregnancy_datasets/Norenhag2024_PRJEB72778/results/qc/VMG_0070.noadapt.nohost.R1.fq.gz,/wynton/group/sirota/clairedubin/non_pregnancy_datasets/Norenhag2024_PRJEB72778/results/qc/VMG_0070.noadapt.nohost.R2.fq.gz
VMG_0165,/wynton/group/sirota/clairedubin/non_pregnancy_datasets/Norenhag2024_PRJEB72778/results/qc/VMG_0165.noadapt.nohost.R1.fq.gz,/wynton/group/sirota/clairedubin/non_pregnancy_datasets/Norenhag2024_PRJEB72778/results/qc/VMG_0165.noadapt.nohost.R2.fq.gz
VMG_0152,/wynton/group/sirota/clairedubin/non_pregnancy_datasets/Norenhag2024_PRJEB72778/results/qc/VMG_0152.noadapt.nohost.R1.fq.gz,/wynton/group/sirota/clairedubin/non_pregnancy_datasets/Norenhag2024_PRJEB72778/results/qc/VMG_0152.noadapt.nohost.R2.fq.gz
VMG_0043,/wynton/group/sirota/clairedubin/non_pregnancy_datasets/Norenhag2024_PRJEB72778/results/qc/VMG_0043.noadapt.nohost.R1.fq.gz,/wynton/group/sirota/clairedubin/non_pregnancy_datasets/Norenhag2024_PRJEB72778/results/qc/VMG_0043.noadapt.nohost.R2.fq.gz
VMG_0141,/wynton/group/sirota/clairedubin/non_pregnancy_datasets/Norenhag2024_PRJEB72778/results/qc/VMG_0141.noadapt.nohost.R1.fq.gz,/wynton/group/sirota/clairedubin/non_pregnancy_datasets/Norenhag2024_PRJEB72778/results/qc/VMG_0141.noadapt.nohost.R2.fq.gz
VMG_0134,/wynton/group/sirota/clairedubin/non_pregnancy_datasets/Norenhag2024_PRJEB72778/results/qc/VMG_0134.noadapt.nohost.R1.fq.gz,/wynton/group/sirota/clairedubin/non_pregnancy_datasets/Norenhag2024_PRJEB72778/results/qc/VMG_0134.noadapt.nohost.R2.fq.gz
VMG_0151,/wynton/group/sirota/clairedubin/non_pregnancy_datasets/Norenhag2024_PRJEB72778/results/qc/VMG_0151.noadapt.nohost.R1.fq.gz,/wynton/group/sirota/clairedubin/non_pregnancy_datasets/Norenhag2024_PRJEB72778/results/qc/VMG_0151.noadapt.nohost.R2.fq.gz
VMG_0094,/wynton/group/sirota/clairedubin/non_pregnancy_datasets/Norenhag2024_PRJEB72778/results/qc/VMG_0094.noadapt.nohost.R1.fq.gz,/wynton/group/sirota/clairedubin/non_pregnancy_datasets/Norenhag2024_PRJEB72778/results/qc/VMG_0094.noadapt.nohost.R2.fq.gz
VMG_0171,/wynton/group/sirota/clairedubin/non_pregnancy_datasets/Norenhag2024_PRJEB72778/results/qc/VMG_0171.noadapt.nohost.R1.fq.gz,/wynton/group/sirota/clairedubin/non_pregnancy_datasets/Norenhag2024_PRJEB72778/results/qc/VMG_0171.noadapt.nohost.R2.fq.gz
VMG_0159,/wynton/group/sirota/clairedubin/non_pregnancy_datasets/Norenhag2024_PRJEB72778/results/qc/VMG_0159.noadapt.nohost.R1.fq.gz,/wynton/group/sirota/clairedubin/non_pregnancy_datasets/Norenhag2024_PRJEB72778/results/qc/VMG_0159.noadapt.nohost.R2.fq.gz
VMG_0150,/wynton/group/sirota/clairedubin/non_pregnancy_datasets/Norenhag2024_PRJEB72778/results/qc/VMG_0150.noadapt.nohost.R1.fq.gz,/wynton/group/sirota/clairedubin/non_pregnancy_datasets/Norenhag2024_PRJEB72778/results/qc/VMG_0150.noadapt.nohost.R2.fq.gz
VMG_0104,/wynton/group/sirota/clairedubin/non_pregnancy_datasets/Norenhag2024_PRJEB72778/results/qc/VMG_0104.noadapt.nohost.R1.fq.gz,/wynton/group/sirota/clairedubin/non_pregnancy_datasets/Norenhag2024_PRJEB72778/results/qc/VMG_0104.noadapt.nohost.R2.fq.gz
VMG_0170,/wynton/group/sirota/clairedubin/non_pregnancy_datasets/Norenhag2024_PRJEB72778/results/qc/VMG_0170.noadapt.nohost.R1.fq.gz,/wynton/group/sirota/clairedubin/non_pregnancy_datasets/Norenhag2024_PRJEB72778/results/qc/VMG_0170.noadapt.nohost.R2.fq.gz
VMG_0148,/wynton/group/sirota/clairedubin/non_pregnancy_datasets/Norenhag2024_PRJEB72778/results/qc/VMG_0148.noadapt.nohost.R1.fq.gz,/wynton/group/sirota/clairedubin/non_pregnancy_datasets/Norenhag2024_PRJEB72778/results/qc/VMG_0148.noadapt.nohost.R2.fq.gz
VMG_0166,/wynton/group/sirota/clairedubin/non_pregnancy_datasets/Norenhag2024_PRJEB72778/results/qc/VMG_0166.noadapt.nohost.R1.fq.gz,/wynton/group/sirota/clairedubin/non_pregnancy_datasets/Norenhag2024_PRJEB72778/results/qc/VMG_0166.noadapt.nohost.R2.fq.gz
VMG_0059,/wynton/group/sirota/clairedubin/non_pregnancy_datasets/Norenhag2024_PRJEB72778/results/qc/VMG_0059.noadapt.nohost.R1.fq.gz,/wynton/group/sirota/clairedubin/non_pregnancy_datasets/Norenhag2024_PRJEB72778/results/qc/VMG_0059.noadapt.nohost.R2.fq.gz
VMG_0086,/wynton/group/sirota/clairedubin/non_pregnancy_datasets/Norenhag2024_PRJEB72778/results/qc/VMG_0086.noadapt.nohost.R1.fq.gz,/wynton/group/sirota/clairedubin/non_pregnancy_datasets/Norenhag2024_PRJEB72778/results/qc/VMG_0086.noadapt.nohost.R2.fq.gz
VMG_0153,/wynton/group/sirota/clairedubin/non_pregnancy_datasets/Norenhag2024_PRJEB72778/results/qc/VMG_0153.noadapt.nohost.R1.fq.gz,/wynton/group/sirota/clairedubin/non_pregnancy_datasets/Norenhag2024_PRJEB72778/results/qc/VMG_0153.noadapt.nohost.R2.fq.gz
VMG_0173,/wynton/group/sirota/clairedubin/non_pregnancy_datasets/Norenhag2024_PRJEB72778/results/qc/VMG_0173.noadapt.nohost.R1.fq.gz,/wynton/group/sirota/clairedubin/non_pregnancy_datasets/Norenhag2024_PRJEB72778/results/qc/VMG_0173.noadapt.nohost.R2.fq.gz
VMG_0057,/wynton/group/sirota/clairedubin/non_pregnancy_datasets/Norenhag2024_PRJEB72778/results/qc/VMG_0057.noadapt.nohost.R1.fq.gz,/wynton/group/sirota/clairedubin/non_pregnancy_datasets/Norenhag2024_PRJEB72778/results/qc/VMG_0057.noadapt.nohost.R2.fq.gz
VMG_0078,/wynton/group/sirota/clairedubin/non_pregnancy_datasets/Norenhag2024_PRJEB72778/results/qc/VMG_0078.noadapt.nohost.R1.fq.gz,/wynton/group/sirota/clairedubin/non_pregnancy_datasets/Norenhag2024_PRJEB72778/results/qc/VMG_0078.noadapt.nohost.R2.fq.gz
VMG_0103,/wynton/group/sirota/clairedubin/non_pregnancy_datasets/Norenhag2024_PRJEB72778/results/qc/VMG_0103.noadapt.nohost.R1.fq.gz,/wynton/group/sirota/clairedubin/non_pregnancy_datasets/Norenhag2024_PRJEB72778/results/qc/VMG_0103.noadapt.nohost.R2.fq.gz
VMG_0129,/wynton/group/sirota/clairedubin/non_pregnancy_datasets/Norenhag2024_PRJEB72778/results/qc/VMG_0129.noadapt.nohost.R1.fq.gz,/wynton/group/sirota/clairedubin/non_pregnancy_datasets/Norenhag2024_PRJEB72778/results/qc/VMG_0129.noadapt.nohost.R2.fq.gz
VMG_0115,/wynton/group/sirota/clairedubin/non_pregnancy_datasets/Norenhag2024_PRJEB72778/results/qc/VMG_0115.noadapt.nohost.R1.fq.gz,/wynton/group/sirota/clairedubin/non_pregnancy_datasets/Norenhag2024_PRJEB72778/results/qc/VMG_0115.noadapt.nohost.R2.fq.gz
VMG_0164,/wynton/group/sirota/clairedubin/non_pregnancy_datasets/Norenhag2024_PRJEB72778/results/qc/VMG_0164.noadapt.nohost.R1.fq.gz,/wynton/group/sirota/clairedubin/non_pregnancy_datasets/Norenhag2024_PRJEB72778/results/qc/VMG_0164.noadapt.nohost.R2.fq.gz
VMG_0168,/wynton/group/sirota/clairedubin/non_pregnancy_datasets/Norenhag2024_PRJEB72778/results/qc/VMG_0168.noadapt.nohost.R1.fq.gz,/wynton/group/sirota/clairedubin/non_pregnancy_datasets/Norenhag2024_PRJEB72778/results/qc/VMG_0168.noadapt.nohost.R2.fq.gz
VMG_0117,/wynton/group/sirota/clairedubin/non_pregnancy_datasets/Norenhag2024_PRJEB72778/results/qc/VMG_0117.noadapt.nohost.R1.fq.gz,/wynton/group/sirota/clairedubin/non_pregnancy_datasets/Norenhag2024_PRJEB72778/results/qc/VMG_0117.noadapt.nohost.R2.fq.gz
Dysp_0028,/wynton/group/sirota/clairedubin/non_pregnancy_datasets/Norenhag2024_PRJEB72778/results/qc/Dysp_0028.noadapt.nohost.R1.fq.gz,/wynton/group/sirota/clairedubin/non_pregnancy_datasets/Norenhag2024_PRJEB72778/results/qc/Dysp_0028.noadapt.nohost.R2.fq.gz
Dysp_0090,/wynton/group/sirota/clairedubin/non_pregnancy_datasets/Norenhag2024_PRJEB72778/results/qc/Dysp_0090.noadapt.nohost.R1.fq.gz,/wynton/group/sirota/clairedubin/non_pregnancy_datasets/Norenhag2024_PRJEB72778/results/qc/Dysp_0090.noadapt.nohost.R2.fq.gz
VMG_0120,/wynton/group/sirota/clairedubin/non_pregnancy_datasets/Norenhag2024_PRJEB72778/results/qc/VMG_0120.noadapt.nohost.R1.fq.gz,/wynton/group/sirota/clairedubin/non_pregnancy_datasets/Norenhag2024_PRJEB72778/results/qc/VMG_0120.noadapt.nohost.R2.fq.gz
VMG_0003,/wynton/group/sirota/clairedubin/non_pregnancy_datasets/Norenhag2024_PRJEB72778/results/qc/VMG_0003.noadapt.nohost.R1.fq.gz,/wynton/group/sirota/clairedubin/non_pregnancy_datasets/Norenhag2024_PRJEB72778/results/qc/VMG_0003.noadapt.nohost.R2.fq.gz
Dysp_0084,/wynton/group/sirota/clairedubin/non_pregnancy_datasets/Norenhag2024_PRJEB72778/results/qc/Dysp_0084.noadapt.nohost.R1.fq.gz,/wynton/group/sirota/clairedubin/non_pregnancy_datasets/Norenhag2024_PRJEB72778/results/qc/Dysp_0084.noadapt.nohost.R2.fq.gz
Dysp_0018,/wynton/group/sirota/clairedubin/non_pregnancy_datasets/Norenhag2024_PRJEB72778/results/qc/Dysp_0018.noadapt.nohost.R1.fq.gz,/wynton/group/sirota/clairedubin/non_pregnancy_datasets/Norenhag2024_PRJEB72778/results/qc/Dysp_0018.noadapt.nohost.R2.fq.gz
VMG_0016,/wynton/group/sirota/clairedubin/non_pregnancy_datasets/Norenhag2024_PRJEB72778/results/qc/VMG_0016.noadapt.nohost.R1.fq.gz,/wynton/group/sirota/clairedubin/non_pregnancy_datasets/Norenhag2024_PRJEB72778/results/qc/VMG_0016.noadapt.nohost.R2.fq.gz
Dysp_0117,/wynton/group/sirota/clairedubin/non_pregnancy_datasets/Norenhag2024_PRJEB72778/results/qc/Dysp_0117.noadapt.nohost.R1.fq.gz,/wynton/group/sirota/clairedubin/non_pregnancy_datasets/Norenhag2024_PRJEB72778/results/qc/Dysp_0117.noadapt.nohost.R2.fq.gz
VMG_0090,/wynton/group/sirota/clairedubin/non_pregnancy_datasets/Norenhag2024_PRJEB72778/results/qc/VMG_0090.noadapt.nohost.R1.fq.gz,/wynton/group/sirota/clairedubin/non_pregnancy_datasets/Norenhag2024_PRJEB72778/results/qc/VMG_0090.noadapt.nohost.R2.fq.gz
VMG_0087,/wynton/group/sirota/clairedubin/non_pregnancy_datasets/Norenhag2024_PRJEB72778/results/qc/VMG_0087.noadapt.nohost.R1.fq.gz,/wynton/group/sirota/clairedubin/non_pregnancy_datasets/Norenhag2024_PRJEB72778/results/qc/VMG_0087.noadapt.nohost.R2.fq.gz
Dysp_0163,/wynton/group/sirota/clairedubin/non_pregnancy_datasets/Norenhag2024_PRJEB72778/results/qc/Dysp_0163.noadapt.nohost.R1.fq.gz,/wynton/group/sirota/clairedubin/non_pregnancy_datasets/Norenhag2024_PRJEB72778/results/qc/Dysp_0163.noadapt.nohost.R2.fq.gz
VMG_0099,/wynton/group/sirota/clairedubin/non_pregnancy_datasets/Norenhag2024_PRJEB72778/results/qc/VMG_0099.noadapt.nohost.R1.fq.gz,/wynton/group/sirota/clairedubin/non_pregnancy_datasets/Norenhag2024_PRJEB72778/results/qc/VMG_0099.noadapt.nohost.R2.fq.gz
VMG_0061,/wynton/group/sirota/clairedubin/non_pregnancy_datasets/Norenhag2024_PRJEB72778/results/qc/VMG_0061.noadapt.nohost.R1.fq.gz,/wynton/group/sirota/clairedubin/non_pregnancy_datasets/Norenhag2024_PRJEB72778/results/qc/VMG_0061.noadapt.nohost.R2.fq.gz
VMG_0017,/wynton/group/sirota/clairedubin/non_pregnancy_datasets/Norenhag2024_PRJEB72778/results/qc/VMG_0017.noadapt.nohost.R1.fq.gz,/wynton/group/sirota/clairedubin/non_pregnancy_datasets/Norenhag2024_PRJEB72778/results/qc/VMG_0017.noadapt.nohost.R2.fq.gz
Dysp_0140,/wynton/group/sirota/clairedubin/non_pregnancy_datasets/Norenhag2024_PRJEB72778/results/qc/Dysp_0140.noadapt.nohost.R1.fq.gz,/wynton/group/sirota/clairedubin/non_pregnancy_datasets/Norenhag2024_PRJEB72778/results/qc/Dysp_0140.noadapt.nohost.R2.fq.gz
Dysp_0141,/wynton/group/sirota/clairedubin/non_pregnancy_datasets/Norenhag2024_PRJEB72778/results/qc/Dysp_0141.noadapt.nohost.R1.fq.gz,/wynton/group/sirota/clairedubin/non_pregnancy_datasets/Norenhag2024_PRJEB72778/results/qc/Dysp_0141.noadapt.nohost.R2.fq.gz
Dysp_0060,/wynton/group/sirota/clairedubin/non_pregnancy_datasets/Norenhag2024_PRJEB72778/results/qc/Dysp_0060.noadapt.nohost.R1.fq.gz,/wynton/group/sirota/clairedubin/non_pregnancy_datasets/Norenhag2024_PRJEB72778/results/qc/Dysp_0060.noadapt.nohost.R2.fq.gz
Dysp_0009,/wynton/group/sirota/clairedubin/non_pregnancy_datasets/Norenhag2024_PRJEB72778/results/qc/Dysp_0009.noadapt.nohost.R1.fq.gz,/wynton/group/sirota/clairedubin/non_pregnancy_datasets/Norenhag2024_PRJEB72778/results/qc/Dysp_0009.noadapt.nohost.R2.fq.gz
VMG_0110,/wynton/group/sirota/clairedubin/non_pregnancy_datasets/Norenhag2024_PRJEB72778/results/qc/VMG_0110.noadapt.nohost.R1.fq.gz,/wynton/group/sirota/clairedubin/non_pregnancy_datasets/Norenhag2024_PRJEB72778/results/qc/VMG_0110.noadapt.nohost.R2.fq.gz
Dysp_0177,/wynton/group/sirota/clairedubin/non_pregnancy_datasets/Norenhag2024_PRJEB72778/results/qc/Dysp_0177.noadapt.nohost.R1.fq.gz,/wynton/group/sirota/clairedubin/non_pregnancy_datasets/Norenhag2024_PRJEB72778/results/qc/Dysp_0177.noadapt.nohost.R2.fq.gz
VMG_0176,/wynton/group/sirota/clairedubin/non_pregnancy_datasets/Norenhag2024_PRJEB72778/results/qc/VMG_0176.noadapt.nohost.R1.fq.gz,/wynton/group/sirota/clairedubin/non_pregnancy_datasets/Norenhag2024_PRJEB72778/results/qc/VMG_0176.noadapt.nohost.R2.fq.gz
VMG_0139,/wynton/group/sirota/clairedubin/non_pregnancy_datasets/Norenhag2024_PRJEB72778/results/qc/VMG_0139.noadapt.nohost.R1.fq.gz,/wynton/group/sirota/clairedubin/non_pregnancy_datasets/Norenhag2024_PRJEB72778/results/qc/VMG_0139.noadapt.nohost.R2.fq.gz
VMG_0072,/wynton/group/sirota/clairedubin/non_pregnancy_datasets/Norenhag2024_PRJEB72778/results/qc/VMG_0072.noadapt.nohost.R1.fq.gz,/wynton/group/sirota/clairedubin/non_pregnancy_datasets/Norenhag2024_PRJEB72778/results/qc/VMG_0072.noadapt.nohost.R2.fq.gz
VMG_0128,/wynton/group/sirota/clairedubin/non_pregnancy_datasets/Norenhag2024_PRJEB72778/results/qc/VMG_0128.noadapt.nohost.R1.fq.gz,/wynton/group/sirota/clairedubin/non_pregnancy_datasets/Norenhag2024_PRJEB72778/results/qc/VMG_0128.noadapt.nohost.R2.fq.gz
VMG_0026,/wynton/group/sirota/clairedubin/non_pregnancy_datasets/Norenhag2024_PRJEB72778/results/qc/VMG_0026.noadapt.nohost.R1.fq.gz,/wynton/group/sirota/clairedubin/non_pregnancy_datasets/Norenhag2024_PRJEB72778/results/qc/VMG_0026.noadapt.nohost.R2.fq.gz
VMG_0140,/wynton/group/sirota/clairedubin/non_pregnancy_datasets/Norenhag2024_PRJEB72778/results/qc/VMG_0140.noadapt.nohost.R1.fq.gz,/wynton/group/sirota/clairedubin/non_pregnancy_datasets/Norenhag2024_PRJEB72778/results/qc/VMG_0140.noadapt.nohost.R2.fq.gz
VMG_0100,/wynton/group/sirota/clairedubin/non_pregnancy_datasets/Norenhag2024_PRJEB72778/results/qc/VMG_0100.noadapt.nohost.R1.fq.gz,/wynton/group/sirota/clairedubin/non_pregnancy_datasets/Norenhag2024_PRJEB72778/results/qc/VMG_0100.noadapt.nohost.R2.fq.gz
Dysp_0105,/wynton/group/sirota/clairedubin/non_pregnancy_datasets/Norenhag2024_PRJEB72778/results/qc/Dysp_0105.noadapt.nohost.R1.fq.gz,/wynton/group/sirota/clairedubin/non_pregnancy_datasets/Norenhag2024_PRJEB72778/results/qc/Dysp_0105.noadapt.nohost.R2.fq.gz
VMG_0074,/wynton/group/sirota/clairedubin/non_pregnancy_datasets/Norenhag2024_PRJEB72778/results/qc/VMG_0074.noadapt.nohost.R1.fq.gz,/wynton/group/sirota/clairedubin/non_pregnancy_datasets/Norenhag2024_PRJEB72778/results/qc/VMG_0074.noadapt.nohost.R2.fq.gz
Dysp_0100,/wynton/group/sirota/clairedubin/non_pregnancy_datasets/Norenhag2024_PRJEB72778/results/qc/Dysp_0100.noadapt.nohost.R1.fq.gz,/wynton/group/sirota/clairedubin/non_pregnancy_datasets/Norenhag2024_PRJEB72778/results/qc/Dysp_0100.noadapt.nohost.R2.fq.gz
Dysp_0033,/wynton/group/sirota/clairedubin/non_pregnancy_datasets/Norenhag2024_PRJEB72778/results/qc/Dysp_0033.noadapt.nohost.R1.fq.gz,/wynton/group/sirota/clairedubin/non_pregnancy_datasets/Norenhag2024_PRJEB72778/results/qc/Dysp_0033.noadapt.nohost.R2.fq.gz
VMG_0113,/wynton/group/sirota/clairedubin/non_pregnancy_datasets/Norenhag2024_PRJEB72778/results/qc/VMG_0113.noadapt.nohost.R1.fq.gz,/wynton/group/sirota/clairedubin/non_pregnancy_datasets/Norenhag2024_PRJEB72778/results/qc/VMG_0113.noadapt.nohost.R2.fq.gz
VMG_0079,/wynton/group/sirota/clairedubin/non_pregnancy_datasets/Norenhag2024_PRJEB72778/results/qc/VMG_0079.noadapt.nohost.R1.fq.gz,/wynton/group/sirota/clairedubin/non_pregnancy_datasets/Norenhag2024_PRJEB72778/results/qc/VMG_0079.noadapt.nohost.R2.fq.gz
Dysp_0082,/wynton/group/sirota/clairedubin/non_pregnancy_datasets/Norenhag2024_PRJEB72778/results/qc/Dysp_0082.noadapt.nohost.R1.fq.gz,/wynton/group/sirota/clairedubin/non_pregnancy_datasets/Norenhag2024_PRJEB72778/results/qc/Dysp_0082.noadapt.nohost.R2.fq.gz
VMG_0034,/wynton/group/sirota/clairedubin/non_pregnancy_datasets/Norenhag2024_PRJEB72778/results/qc/VMG_0034.noadapt.nohost.R1.fq.gz,/wynton/group/sirota/clairedubin/non_pregnancy_datasets/Norenhag2024_PRJEB72778/results/qc/VMG_0034.noadapt.nohost.R2.fq.gz
Dysp_0134,/wynton/group/sirota/clairedubin/non_pregnancy_datasets/Norenhag2024_PRJEB72778/results/qc/Dysp_0134.noadapt.nohost.R1.fq.gz,/wynton/group/sirota/clairedubin/non_pregnancy_datasets/Norenhag2024_PRJEB72778/results/qc/Dysp_0134.noadapt.nohost.R2.fq.gz
Dysp_0073,/wynton/group/sirota/clairedubin/non_pregnancy_datasets/Norenhag2024_PRJEB72778/results/qc/Dysp_0073.noadapt.nohost.R1.fq.gz,/wynton/group/sirota/clairedubin/non_pregnancy_datasets/Norenhag2024_PRJEB72778/results/qc/Dysp_0073.noadapt.nohost.R2.fq.gz
VMG_0085,/wynton/group/sirota/clairedubin/non_pregnancy_datasets/Norenhag2024_PRJEB72778/results/qc/VMG_0085.noadapt.nohost.R1.fq.gz,/wynton/group/sirota/clairedubin/non_pregnancy_datasets/Norenhag2024_PRJEB72778/results/qc/VMG_0085.noadapt.nohost.R2.fq.gz
Dysp_0034,/wynton/group/sirota/clairedubin/non_pregnancy_datasets/Norenhag2024_PRJEB72778/results/qc/Dysp_0034.noadapt.nohost.R1.fq.gz,/wynton/group/sirota/clairedubin/non_pregnancy_datasets/Norenhag2024_PRJEB72778/results/qc/Dysp_0034.noadapt.nohost.R2.fq.gz
Dysp_0058,/wynton/group/sirota/clairedubin/non_pregnancy_datasets/Norenhag2024_PRJEB72778/results/qc/Dysp_0058.noadapt.nohost.R1.fq.gz,/wynton/group/sirota/clairedubin/non_pregnancy_datasets/Norenhag2024_PRJEB72778/results/qc/Dysp_0058.noadapt.nohost.R2.fq.gz
VMG_0163,/wynton/group/sirota/clairedubin/non_pregnancy_datasets/Norenhag2024_PRJEB72778/results/qc/VMG_0163.noadapt.nohost.R1.fq.gz,/wynton/group/sirota/clairedubin/non_pregnancy_datasets/Norenhag2024_PRJEB72778/results/qc/VMG_0163.noadapt.nohost.R2.fq.gz
VMG_0075,/wynton/group/sirota/clairedubin/non_pregnancy_datasets/Norenhag2024_PRJEB72778/results/qc/VMG_0075.noadapt.nohost.R1.fq.gz,/wynton/group/sirota/clairedubin/non_pregnancy_datasets/Norenhag2024_PRJEB72778/results/qc/VMG_0075.noadapt.nohost.R2.fq.gz
VMG_0147,/wynton/group/sirota/clairedubin/non_pregnancy_datasets/Norenhag2024_PRJEB72778/results/qc/VMG_0147.noadapt.nohost.R1.fq.gz,/wynton/group/sirota/clairedubin/non_pregnancy_datasets/Norenhag2024_PRJEB72778/results/qc/VMG_0147.noadapt.nohost.R2.fq.gz
VMG_0042,/wynton/group/sirota/clairedubin/non_pregnancy_datasets/Norenhag2024_PRJEB72778/results/qc/VMG_0042.noadapt.nohost.R1.fq.gz,/wynton/group/sirota/clairedubin/non_pregnancy_datasets/Norenhag2024_PRJEB72778/results/qc/VMG_0042.noadapt.nohost.R2.fq.gz
Dysp_0110,/wynton/group/sirota/clairedubin/non_pregnancy_datasets/Norenhag2024_PRJEB72778/results/qc/Dysp_0110.noadapt.nohost.R1.fq.gz,/wynton/group/sirota/clairedubin/non_pregnancy_datasets/Norenhag2024_PRJEB72778/results/qc/Dysp_0110.noadapt.nohost.R2.fq.gz
VMG_0162,/wynton/group/sirota/clairedubin/non_pregnancy_datasets/Norenhag2024_PRJEB72778/results/qc/VMG_0162.noadapt.nohost.R1.fq.gz,/wynton/group/sirota/clairedubin/non_pregnancy_datasets/Norenhag2024_PRJEB72778/results/qc/VMG_0162.noadapt.nohost.R2.fq.gz
VMG_0036,/wynton/group/sirota/clairedubin/non_pregnancy_datasets/Norenhag2024_PRJEB72778/results/qc/VMG_0036.noadapt.nohost.R1.fq.gz,/wynton/group/sirota/clairedubin/non_pregnancy_datasets/Norenhag2024_PRJEB72778/results/qc/VMG_0036.noadapt.nohost.R2.fq.gz
Dysp_0093,/wynton/group/sirota/clairedubin/non_pregnancy_datasets/Norenhag2024_PRJEB72778/results/qc/Dysp_0093.noadapt.nohost.R1.fq.gz,/wynton/group/sirota/clairedubin/non_pregnancy_datasets/Norenhag2024_PRJEB72778/results/qc/Dysp_0093.noadapt.nohost.R2.fq.gz
VMG_0142,/wynton/group/sirota/clairedubin/non_pregnancy_datasets/Norenhag2024_PRJEB72778/results/qc/VMG_0142.noadapt.nohost.R1.fq.gz,/wynton/group/sirota/clairedubin/non_pregnancy_datasets/Norenhag2024_PRJEB72778/results/qc/VMG_0142.noadapt.nohost.R2.fq.gz
Dysp_0097,/wynton/group/sirota/clairedubin/non_pregnancy_datasets/Norenhag2024_PRJEB72778/results/qc/Dysp_0097.noadapt.nohost.R1.fq.gz,/wynton/group/sirota/clairedubin/non_pregnancy_datasets/Norenhag2024_PRJEB72778/results/qc/Dysp_0097.noadapt.nohost.R2.fq.gz
Dysp_0061,/wynton/group/sirota/clairedubin/non_pregnancy_datasets/Norenhag2024_PRJEB72778/results/qc/Dysp_0061.noadapt.nohost.R1.fq.gz,/wynton/group/sirota/clairedubin/non_pregnancy_datasets/Norenhag2024_PRJEB72778/results/qc/Dysp_0061.noadapt.nohost.R2.fq.gz
Dysp_0016,/wynton/group/sirota/clairedubin/non_pregnancy_datasets/Norenhag2024_PRJEB72778/results/qc/Dysp_0016.noadapt.nohost.R1.fq.gz,/wynton/group/sirota/clairedubin/non_pregnancy_datasets/Norenhag2024_PRJEB72778/results/qc/Dysp_0016.noadapt.nohost.R2.fq.gz
VMG_0025,/wynton/group/sirota/clairedubin/non_pregnancy_datasets/Norenhag2024_PRJEB72778/results/qc/VMG_0025.noadapt.nohost.R1.fq.gz,/wynton/group/sirota/clairedubin/non_pregnancy_datasets/Norenhag2024_PRJEB72778/results/qc/VMG_0025.noadapt.nohost.R2.fq.gz
VMG_0111,/wynton/group/sirota/clairedubin/non_pregnancy_datasets/Norenhag2024_PRJEB72778/results/qc/VMG_0111.noadapt.nohost.R1.fq.gz,/wynton/group/sirota/clairedubin/non_pregnancy_datasets/Norenhag2024_PRJEB72778/results/qc/VMG_0111.noadapt.nohost.R2.fq.gz
Dysp_0019,/wynton/group/sirota/clairedubin/non_pregnancy_datasets/Norenhag2024_PRJEB72778/results/qc/Dysp_0019.noadapt.nohost.R1.fq.gz,/wynton/group/sirota/clairedubin/non_pregnancy_datasets/Norenhag2024_PRJEB72778/results/qc/Dysp_0019.noadapt.nohost.R2.fq.gz
VMG_0007,/wynton/group/sirota/clairedubin/non_pregnancy_datasets/Norenhag2024_PRJEB72778/results/qc/VMG_0007.noadapt.nohost.R1.fq.gz,/wynton/group/sirota/clairedubin/non_pregnancy_datasets/Norenhag2024_PRJEB72778/results/qc/VMG_0007.noadapt.nohost.R2.fq.gz
Dysp_0098,/wynton/group/sirota/clairedubin/non_pregnancy_datasets/Norenhag2024_PRJEB72778/results/qc/Dysp_0098.noadapt.nohost.R1.fq.gz,/wynton/group/sirota/clairedubin/non_pregnancy_datasets/Norenhag2024_PRJEB72778/results/qc/Dysp_0098.noadapt.nohost.R2.fq.gz
Dysp_0108,/wynton/group/sirota/clairedubin/non_pregnancy_datasets/Norenhag2024_PRJEB72778/results/qc/Dysp_0108.noadapt.nohost.R1.fq.gz,/wynton/group/sirota/clairedubin/non_pregnancy_datasets/Norenhag2024_PRJEB72778/results/qc/Dysp_0108.noadapt.nohost.R2.fq.gz
Dysp_0151,/wynton/group/sirota/clairedubin/non_pregnancy_datasets/Norenhag2024_PRJEB72778/results/qc/Dysp_0151.noadapt.nohost.R1.fq.gz,/wynton/group/sirota/clairedubin/non_pregnancy_datasets/Norenhag2024_PRJEB72778/results/qc/Dysp_0151.noadapt.nohost.R2.fq.gz
Dysp_0114,/wynton/group/sirota/clairedubin/non_pregnancy_datasets/Norenhag2024_PRJEB72778/results/qc/Dysp_0114.noadapt.nohost.R1.fq.gz,/wynton/group/sirota/clairedubin/non_pregnancy_datasets/Norenhag2024_PRJEB72778/results/qc/Dysp_0114.noadapt.nohost.R2.fq.gz
Dysp_0170,/wynton/group/sirota/clairedubin/non_pregnancy_datasets/Norenhag2024_PRJEB72778/results/qc/Dysp_0170.noadapt.nohost.R1.fq.gz,/wynton/group/sirota/clairedubin/non_pregnancy_datasets/Norenhag2024_PRJEB72778/results/qc/Dysp_0170.noadapt.nohost.R2.fq.gz
VMG_0058,/wynton/group/sirota/clairedubin/non_pregnancy_datasets/Norenhag2024_PRJEB72778/results/qc/VMG_0058.noadapt.nohost.R1.fq.gz,/wynton/group/sirota/clairedubin/non_pregnancy_datasets/Norenhag2024_PRJEB72778/results/qc/VMG_0058.noadapt.nohost.R2.fq.gz
Dysp_0158,/wynton/group/sirota/clairedubin/non_pregnancy_datasets/Norenhag2024_PRJEB72778/results/qc/Dysp_0158.noadapt.nohost.R1.fq.gz,/wynton/group/sirota/clairedubin/non_pregnancy_datasets/Norenhag2024_PRJEB72778/results/qc/Dysp_0158.noadapt.nohost.R2.fq.gz
Dysp_0171,/wynton/group/sirota/clairedubin/non_pregnancy_datasets/Norenhag2024_PRJEB72778/results/qc/Dysp_0171.noadapt.nohost.R1.fq.gz,/wynton/group/sirota/clairedubin/non_pregnancy_datasets/Norenhag2024_PRJEB72778/results/qc/Dysp_0171.noadapt.nohost.R2.fq.gz
Dysp_0164,/wynton/group/sirota/clairedubin/non_pregnancy_datasets/Norenhag2024_PRJEB72778/results/qc/Dysp_0164.noadapt.nohost.R1.fq.gz,/wynton/group/sirota/clairedubin/non_pregnancy_datasets/Norenhag2024_PRJEB72778/results/qc/Dysp_0164.noadapt.nohost.R2.fq.gz
Dysp_0031,/wynton/group/sirota/clairedubin/non_pregnancy_datasets/Norenhag2024_PRJEB72778/results/qc/Dysp_0031.noadapt.nohost.R1.fq.gz,/wynton/group/sirota/clairedubin/non_pregnancy_datasets/Norenhag2024_PRJEB72778/results/qc/Dysp_0031.noadapt.nohost.R2.fq.gz
Dysp_0080,/wynton/group/sirota/clairedubin/non_pregnancy_datasets/Norenhag2024_PRJEB72778/results/qc/Dysp_0080.noadapt.nohost.R1.fq.gz,/wynton/group/sirota/clairedubin/non_pregnancy_datasets/Norenhag2024_PRJEB72778/results/qc/Dysp_0080.noadapt.nohost.R2.fq.gz
Dysp_0167,/wynton/group/sirota/clairedubin/non_pregnancy_datasets/Norenhag2024_PRJEB72778/results/qc/Dysp_0167.noadapt.nohost.R1.fq.gz,/wynton/group/sirota/clairedubin/non_pregnancy_datasets/Norenhag2024_PRJEB72778/results/qc/Dysp_0167.noadapt.nohost.R2.fq.gz
VMG_0027,/wynton/group/sirota/clairedubin/non_pregnancy_datasets/Norenhag2024_PRJEB72778/results/qc/VMG_0027.noadapt.nohost.R1.fq.gz,/wynton/group/sirota/clairedubin/non_pregnancy_datasets/Norenhag2024_PRJEB72778/results/qc/VMG_0027.noadapt.nohost.R2.fq.gz
Dysp_0063,/wynton/group/sirota/clairedubin/non_pregnancy_datasets/Norenhag2024_PRJEB72778/results/qc/Dysp_0063.noadapt.nohost.R1.fq.gz,/wynton/group/sirota/clairedubin/non_pregnancy_datasets/Norenhag2024_PRJEB72778/results/qc/Dysp_0063.noadapt.nohost.R2.fq.gz
VMG_0161,/wynton/group/sirota/clairedubin/non_pregnancy_datasets/Norenhag2024_PRJEB72778/results/qc/VMG_0161.noadapt.nohost.R1.fq.gz,/wynton/group/sirota/clairedubin/non_pregnancy_datasets/Norenhag2024_PRJEB72778/results/qc/VMG_0161.noadapt.nohost.R2.fq.gz
VMG_0177,/wynton/group/sirota/clairedubin/non_pregnancy_datasets/Norenhag2024_PRJEB72778/results/qc/VMG_0177.noadapt.nohost.R1.fq.gz,/wynton/group/sirota/clairedubin/non_pregnancy_datasets/Norenhag2024_PRJEB72778/results/qc/VMG_0177.noadapt.nohost.R2.fq.gz
VMG_0092,/wynton/group/sirota/clairedubin/non_pregnancy_datasets/Norenhag2024_PRJEB72778/results/qc/VMG_0092.noadapt.nohost.R1.fq.gz,/wynton/group/sirota/clairedubin/non_pregnancy_datasets/Norenhag2024_PRJEB72778/results/qc/VMG_0092.noadapt.nohost.R2.fq.gz
VMG_0063,/wynton/group/sirota/clairedubin/non_pregnancy_datasets/Norenhag2024_PRJEB72778/results/qc/VMG_0063.noadapt.nohost.R1.fq.gz,/wynton/group/sirota/clairedubin/non_pregnancy_datasets/Norenhag2024_PRJEB72778/results/qc/VMG_0063.noadapt.nohost.R2.fq.gz
Dysp_0138,/wynton/group/sirota/clairedubin/non_pregnancy_datasets/Norenhag2024_PRJEB72778/results/qc/Dysp_0138.noadapt.nohost.R1.fq.gz,/wynton/group/sirota/clairedubin/non_pregnancy_datasets/Norenhag2024_PRJEB72778/results/qc/Dysp_0138.noadapt.nohost.R2.fq.gz
VMG_0062,/wynton/group/sirota/clairedubin/non_pregnancy_datasets/Norenhag2024_PRJEB72778/results/qc/VMG_0062.noadapt.nohost.R1.fq.gz,/wynton/group/sirota/clairedubin/non_pregnancy_datasets/Norenhag2024_PRJEB72778/results/qc/VMG_0062.noadapt.nohost.R2.fq.gz
VMG_0098,/wynton/group/sirota/clairedubin/non_pregnancy_datasets/Norenhag2024_PRJEB72778/results/qc/VMG_0098.noadapt.nohost.R1.fq.gz,/wynton/group/sirota/clairedubin/non_pregnancy_datasets/Norenhag2024_PRJEB72778/results/qc/VMG_0098.noadapt.nohost.R2.fq.gz
Dysp_0147,/wynton/group/sirota/clairedubin/non_pregnancy_datasets/Norenhag2024_PRJEB72778/results/qc/Dysp_0147.noadapt.nohost.R1.fq.gz,/wynton/group/sirota/clairedubin/non_pregnancy_datasets/Norenhag2024_PRJEB72778/results/qc/Dysp_0147.noadapt.nohost.R2.fq.gz
VMG_0050,/wynton/group/sirota/clairedubin/non_pregnancy_datasets/Norenhag2024_PRJEB72778/results/qc/VMG_0050.noadapt.nohost.R1.fq.gz,/wynton/group/sirota/clairedubin/non_pregnancy_datasets/Norenhag2024_PRJEB72778/results/qc/VMG_0050.noadapt.nohost.R2.fq.gz
VMG_0135,/wynton/group/sirota/clairedubin/non_pregnancy_datasets/Norenhag2024_PRJEB72778/results/qc/VMG_0135.noadapt.nohost.R1.fq.gz,/wynton/group/sirota/clairedubin/non_pregnancy_datasets/Norenhag2024_PRJEB72778/results/qc/VMG_0135.noadapt.nohost.R2.fq.gz
VMG_0119,/wynton/group/sirota/clairedubin/non_pregnancy_datasets/Norenhag2024_PRJEB72778/results/qc/VMG_0119.noadapt.nohost.R1.fq.gz,/wynton/group/sirota/clairedubin/non_pregnancy_datasets/Norenhag2024_PRJEB72778/results/qc/VMG_0119.noadapt.nohost.R2.fq.gz
VMG_0137,/wynton/group/sirota/clairedubin/non_pregnancy_datasets/Norenhag2024_PRJEB72778/results/qc/VMG_0137.noadapt.nohost.R1.fq.gz,/wynton/group/sirota/clairedubin/non_pregnancy_datasets/Norenhag2024_PRJEB72778/results/qc/VMG_0137.noadapt.nohost.R2.fq.gz
Dysp_0024,/wynton/group/sirota/clairedubin/non_pregnancy_datasets/Norenhag2024_PRJEB72778/results/qc/Dysp_0024.noadapt.nohost.R1.fq.gz,/wynton/group/sirota/clairedubin/non_pregnancy_datasets/Norenhag2024_PRJEB72778/results/qc/Dysp_0024.noadapt.nohost.R2.fq.gz
Dysp_0145,/wynton/group/sirota/clairedubin/non_pregnancy_datasets/Norenhag2024_PRJEB72778/results/qc/Dysp_0145.noadapt.nohost.R1.fq.gz,/wynton/group/sirota/clairedubin/non_pregnancy_datasets/Norenhag2024_PRJEB72778/results/qc/Dysp_0145.noadapt.nohost.R2.fq.gz
Dysp_0135,/wynton/group/sirota/clairedubin/non_pregnancy_datasets/Norenhag2024_PRJEB72778/results/qc/Dysp_0135.noadapt.nohost.R1.fq.gz,/wynton/group/sirota/clairedubin/non_pregnancy_datasets/Norenhag2024_PRJEB72778/results/qc/Dysp_0135.noadapt.nohost.R2.fq.gz
VMG_0019,/wynton/group/sirota/clairedubin/non_pregnancy_datasets/Norenhag2024_PRJEB72778/results/qc/VMG_0019.noadapt.nohost.R1.fq.gz,/wynton/group/sirota/clairedubin/non_pregnancy_datasets/Norenhag2024_PRJEB72778/results/qc/VMG_0019.noadapt.nohost.R2.fq.gz
Dysp_0062,/wynton/group/sirota/clairedubin/non_pregnancy_datasets/Norenhag2024_PRJEB72778/results/qc/Dysp_0062.noadapt.nohost.R1.fq.gz,/wynton/group/sirota/clairedubin/non_pregnancy_datasets/Norenhag2024_PRJEB72778/results/qc/Dysp_0062.noadapt.nohost.R2.fq.gz
Dysp_0086,/wynton/group/sirota/clairedubin/non_pregnancy_datasets/Norenhag2024_PRJEB72778/results/qc/Dysp_0086.noadapt.nohost.R1.fq.gz,/wynton/group/sirota/clairedubin/non_pregnancy_datasets/Norenhag2024_PRJEB72778/results/qc/Dysp_0086.noadapt.nohost.R2.fq.gz
VMG_0037,/wynton/group/sirota/clairedubin/non_pregnancy_datasets/Norenhag2024_PRJEB72778/results/qc/VMG_0037.noadapt.nohost.R1.fq.gz,/wynton/group/sirota/clairedubin/non_pregnancy_datasets/Norenhag2024_PRJEB72778/results/qc/VMG_0037.noadapt.nohost.R2.fq.gz
Dysp_0124,/wynton/group/sirota/clairedubin/non_pregnancy_datasets/Norenhag2024_PRJEB72778/results/qc/Dysp_0124.noadapt.nohost.R1.fq.gz,/wynton/group/sirota/clairedubin/non_pregnancy_datasets/Norenhag2024_PRJEB72778/results/qc/Dysp_0124.noadapt.nohost.R2.fq.gz
VMG_0145,/wynton/group/sirota/clairedubin/non_pregnancy_datasets/Norenhag2024_PRJEB72778/results/qc/VMG_0145.noadapt.nohost.R1.fq.gz,/wynton/group/sirota/clairedubin/non_pregnancy_datasets/Norenhag2024_PRJEB72778/results/qc/VMG_0145.noadapt.nohost.R2.fq.gz
Dysp_0074,/wynton/group/sirota/clairedubin/non_pregnancy_datasets/Norenhag2024_PRJEB72778/results/qc/Dysp_0074.noadapt.nohost.R1.fq.gz,/wynton/group/sirota/clairedubin/non_pregnancy_datasets/Norenhag2024_PRJEB72778/results/qc/Dysp_0074.noadapt.nohost.R2.fq.gz
Dysp_0068,/wynton/group/sirota/clairedubin/non_pregnancy_datasets/Norenhag2024_PRJEB72778/results/qc/Dysp_0068.noadapt.nohost.R1.fq.gz,/wynton/group/sirota/clairedubin/non_pregnancy_datasets/Norenhag2024_PRJEB72778/results/qc/Dysp_0068.noadapt.nohost.R2.fq.gz
Dysp_0126,/wynton/group/sirota/clairedubin/non_pregnancy_datasets/Norenhag2024_PRJEB72778/results/qc/Dysp_0126.noadapt.nohost.R1.fq.gz,/wynton/group/sirota/clairedubin/non_pregnancy_datasets/Norenhag2024_PRJEB72778/results/qc/Dysp_0126.noadapt.nohost.R2.fq.gz
Dysp_0174,/wynton/group/sirota/clairedubin/non_pregnancy_datasets/Norenhag2024_PRJEB72778/results/qc/Dysp_0174.noadapt.nohost.R1.fq.gz,/wynton/group/sirota/clairedubin/non_pregnancy_datasets/Norenhag2024_PRJEB72778/results/qc/Dysp_0174.noadapt.nohost.R2.fq.gz
Dysp_0066,/wynton/group/sirota/clairedubin/non_pregnancy_datasets/Norenhag2024_PRJEB72778/results/qc/Dysp_0066.noadapt.nohost.R1.fq.gz,/wynton/group/sirota/clairedubin/non_pregnancy_datasets/Norenhag2024_PRJEB72778/results/qc/Dysp_0066.noadapt.nohost.R2.fq.gz
Dysp_0155,/wynton/group/sirota/clairedubin/non_pregnancy_datasets/Norenhag2024_PRJEB72778/results/qc/Dysp_0155.noadapt.nohost.R1.fq.gz,/wynton/group/sirota/clairedubin/non_pregnancy_datasets/Norenhag2024_PRJEB72778/results/qc/Dysp_0155.noadapt.nohost.R2.fq.gz
VMG_0160,/wynton/group/sirota/clairedubin/non_pregnancy_datasets/Norenhag2024_PRJEB72778/results/qc/VMG_0160.noadapt.nohost.R1.fq.gz,/wynton/group/sirota/clairedubin/non_pregnancy_datasets/Norenhag2024_PRJEB72778/results/qc/VMG_0160.noadapt.nohost.R2.fq.gz
VMG_0136,/wynton/group/sirota/clairedubin/non_pregnancy_datasets/Norenhag2024_PRJEB72778/results/qc/VMG_0136.noadapt.nohost.R1.fq.gz,/wynton/group/sirota/clairedubin/non_pregnancy_datasets/Norenhag2024_PRJEB72778/results/qc/VMG_0136.noadapt.nohost.R2.fq.gz
VMG_0023,/wynton/group/sirota/clairedubin/non_pregnancy_datasets/Norenhag2024_PRJEB72778/results/qc/VMG_0023.noadapt.nohost.R1.fq.gz,/wynton/group/sirota/clairedubin/non_pregnancy_datasets/Norenhag2024_PRJEB72778/results/qc/VMG_0023.noadapt.nohost.R2.fq.gz
VMG_0108,/wynton/group/sirota/clairedubin/non_pregnancy_datasets/Norenhag2024_PRJEB72778/results/qc/VMG_0108.noadapt.nohost.R1.fq.gz,/wynton/group/sirota/clairedubin/non_pregnancy_datasets/Norenhag2024_PRJEB72778/results/qc/VMG_0108.noadapt.nohost.R2.fq.gz
Dysp_0148,/wynton/group/sirota/clairedubin/non_pregnancy_datasets/Norenhag2024_PRJEB72778/results/qc/Dysp_0148.noadapt.nohost.R1.fq.gz,/wynton/group/sirota/clairedubin/non_pregnancy_datasets/Norenhag2024_PRJEB72778/results/qc/Dysp_0148.noadapt.nohost.R2.fq.gz
Dysp_0011,/wynton/group/sirota/clairedubin/non_pregnancy_datasets/Norenhag2024_PRJEB72778/results/qc/Dysp_0011.noadapt.nohost.R1.fq.gz,/wynton/group/sirota/clairedubin/non_pregnancy_datasets/Norenhag2024_PRJEB72778/results/qc/Dysp_0011.noadapt.nohost.R2.fq.gz
Dysp_0166,/wynton/group/sirota/clairedubin/non_pregnancy_datasets/Norenhag2024_PRJEB72778/results/qc/Dysp_0166.noadapt.nohost.R1.fq.gz,/wynton/group/sirota/clairedubin/non_pregnancy_datasets/Norenhag2024_PRJEB72778/results/qc/Dysp_0166.noadapt.nohost.R2.fq.gz
Dysp_0054,/wynton/group/sirota/clairedubin/non_pregnancy_datasets/Norenhag2024_PRJEB72778/results/qc/Dysp_0054.noadapt.nohost.R1.fq.gz,/wynton/group/sirota/clairedubin/non_pregnancy_datasets/Norenhag2024_PRJEB72778/results/qc/Dysp_0054.noadapt.nohost.R2.fq.gz
VMG_0093,/wynton/group/sirota/clairedubin/non_pregnancy_datasets/Norenhag2024_PRJEB72778/results/qc/VMG_0093.noadapt.nohost.R1.fq.gz,/wynton/group/sirota/clairedubin/non_pregnancy_datasets/Norenhag2024_PRJEB72778/results/qc/VMG_0093.noadapt.nohost.R2.fq.gz
Dysp_0127,/wynton/group/sirota/clairedubin/non_pregnancy_datasets/Norenhag2024_PRJEB72778/results/qc/Dysp_0127.noadapt.nohost.R1.fq.gz,/wynton/group/sirota/clairedubin/non_pregnancy_datasets/Norenhag2024_PRJEB72778/results/qc/Dysp_0127.noadapt.nohost.R2.fq.gz
Dysp_0121,/wynton/group/sirota/clairedubin/non_pregnancy_datasets/Norenhag2024_PRJEB72778/results/qc/Dysp_0121.noadapt.nohost.R1.fq.gz,/wynton/group/sirota/clairedubin/non_pregnancy_datasets/Norenhag2024_PRJEB72778/results/qc/Dysp_0121.noadapt.nohost.R2.fq.gz
Dysp_0085,/wynton/group/sirota/clairedubin/non_pregnancy_datasets/Norenhag2024_PRJEB72778/results/qc/Dysp_0085.noadapt.nohost.R1.fq.gz,/wynton/group/sirota/clairedubin/non_pregnancy_datasets/Norenhag2024_PRJEB72778/results/qc/Dysp_0085.noadapt.nohost.R2.fq.gz
Dysp_0176,/wynton/group/sirota/clairedubin/non_pregnancy_datasets/Norenhag2024_PRJEB72778/results/qc/Dysp_0176.noadapt.nohost.R1.fq.gz,/wynton/group/sirota/clairedubin/non_pregnancy_datasets/Norenhag2024_PRJEB72778/results/qc/Dysp_0176.noadapt.nohost.R2.fq.gz
Dysp_0071,/wynton/group/sirota/clairedubin/non_pregnancy_datasets/Norenhag2024_PRJEB72778/results/qc/Dysp_0071.noadapt.nohost.R1.fq.gz,/wynton/group/sirota/clairedubin/non_pregnancy_datasets/Norenhag2024_PRJEB72778/results/qc/Dysp_0071.noadapt.nohost.R2.fq.gz
Dysp_0013,/wynton/group/sirota/clairedubin/non_pregnancy_datasets/Norenhag2024_PRJEB72778/results/qc/Dysp_0013.noadapt.nohost.R1.fq.gz,/wynton/group/sirota/clairedubin/non_pregnancy_datasets/Norenhag2024_PRJEB72778/results/qc/Dysp_0013.noadapt.nohost.R2.fq.gz
Dysp_0087,/wynton/group/sirota/clairedubin/non_pregnancy_datasets/Norenhag2024_PRJEB72778/results/qc/Dysp_0087.noadapt.nohost.R1.fq.gz,/wynton/group/sirota/clairedubin/non_pregnancy_datasets/Norenhag2024_PRJEB72778/results/qc/Dysp_0087.noadapt.nohost.R2.fq.gz
Dysp_0156,/wynton/group/sirota/clairedubin/non_pregnancy_datasets/Norenhag2024_PRJEB72778/results/qc/Dysp_0156.noadapt.nohost.R1.fq.gz,/wynton/group/sirota/clairedubin/non_pregnancy_datasets/Norenhag2024_PRJEB72778/results/qc/Dysp_0156.noadapt.nohost.R2.fq.gz
Dysp_0051,/wynton/group/sirota/clairedubin/non_pregnancy_datasets/Norenhag2024_PRJEB72778/results/qc/Dysp_0051.noadapt.nohost.R1.fq.gz,/wynton/group/sirota/clairedubin/non_pregnancy_datasets/Norenhag2024_PRJEB72778/results/qc/Dysp_0051.noadapt.nohost.R2.fq.gz
Dysp_0050,/wynton/group/sirota/clairedubin/non_pregnancy_datasets/Norenhag2024_PRJEB72778/results/qc/Dysp_0050.noadapt.nohost.R1.fq.gz,/wynton/group/sirota/clairedubin/non_pregnancy_datasets/Norenhag2024_PRJEB72778/results/qc/Dysp_0050.noadapt.nohost.R2.fq.gz
Dysp_0039,/wynton/group/sirota/clairedubin/non_pregnancy_datasets/Norenhag2024_PRJEB72778/results/qc/Dysp_0039.noadapt.nohost.R1.fq.gz,/wynton/group/sirota/clairedubin/non_pregnancy_datasets/Norenhag2024_PRJEB72778/results/qc/Dysp_0039.noadapt.nohost.R2.fq.gz
Dysp_0099,/wynton/group/sirota/clairedubin/non_pregnancy_datasets/Norenhag2024_PRJEB72778/results/qc/Dysp_0099.noadapt.nohost.R1.fq.gz,/wynton/group/sirota/clairedubin/non_pregnancy_datasets/Norenhag2024_PRJEB72778/results/qc/Dysp_0099.noadapt.nohost.R2.fq.gz
Dysp_0053,/wynton/group/sirota/clairedubin/non_pregnancy_datasets/Norenhag2024_PRJEB72778/results/qc/Dysp_0053.noadapt.nohost.R1.fq.gz,/wynton/group/sirota/clairedubin/non_pregnancy_datasets/Norenhag2024_PRJEB72778/results/qc/Dysp_0053.noadapt.nohost.R2.fq.gz
VMG_0106,/wynton/group/sirota/clairedubin/non_pregnancy_datasets/Norenhag2024_PRJEB72778/results/qc/VMG_0106.noadapt.nohost.R1.fq.gz,/wynton/group/sirota/clairedubin/non_pregnancy_datasets/Norenhag2024_PRJEB72778/results/qc/VMG_0106.noadapt.nohost.R2.fq.gz
